employee_skill_id,employee_id,skill_id,proficiency_level,is_primary_skill
80001,5001,7001,Intermediate,True
80002,5001,7023,Intermediate,False
80003,5001,7010,Expert,False
80004,5001,7011,Intermediate,False
80005,5002,7001,Advanced,True
80006,5002,7031,Beginner,False
80007,5003,7002,Advanced,True
80008,5003,7001,Intermediate,False
80009,5003,7025,Intermediate,False
80010,5004,7002,Expert,True
80011,5004,7026,Advanced,False
80012,5004,7018,Advanced,False
80013,5004,7023,Intermediate,False
80014,5004,7020,Beginner,False
80015,5005,7003,Advanced,True
80016,5005,7023,Intermediate,False
80017,5006,7002,Advanced,True
80018,5006,7014,Intermediate,False
80019,5006,7011,Intermediate,False
80020,5006,7004,Intermediate,False
80021,5007,7004,Advanced,True
80022,5007,7006,Intermediate,False
80023,5007,7001,Intermediate,False
80024,5007,7003,Beginner,False
80025,5008,7003,Advanced,True
80026,5008,7010,Advanced,False
80027,5008,7019,Advanced,False
80028,5009,7002,Advanced,True
80029,5009,7029,Intermediate,False
80030,5009,7013,Intermediate,False
80031,5010,7002,Expert,True
80032,5010,7029,Intermediate,False
80033,5010,7017,Expert,False
80034,5010,7004,Advanced,False
80035,5010,7006,Intermediate,False
80036,5011,7005,Expert,True
80037,5011,7013,Intermediate,False
80038,5011,7025,Beginner,False
80039,5011,7030,Intermediate,False
80040,5011,7020,Expert,False
80041,5012,7003,Expert,True
80042,5012,7031,Beginner,False
80043,5012,7018,Intermediate,False
80044,5013,7020,Advanced,True
80045,5013,7017,Advanced,False
80046,5013,7014,Beginner,False
80047,5014,7001,Intermediate,True
80048,5014,7017,Advanced,False
80049,5014,7015,Advanced,False
80050,5015,7002,Expert,True
80051,5015,7014,Beginner,False
80052,5015,7007,Intermediate,False
80053,5015,7001,Intermediate,False
80054,5016,7003,Advanced,True
80055,5016,7023,Beginner,False
80056,5016,7030,Advanced,False
80057,5017,7004,Advanced,True
80058,5017,7026,Expert,False
80059,5018,7001,Expert,True
80060,5018,7018,Intermediate,False
80061,5018,7015,Intermediate,False
80062,5018,7013,Intermediate,False
80063,5019,7001,Expert,True
80064,5019,7018,Beginner,False
80065,5019,7002,Beginner,False
80066,5020,7002,Advanced,True
80067,5020,7020,Intermediate,False
80068,5020,7011,Advanced,False
80069,5020,7022,Intermediate,False
80070,5020,7003,Intermediate,False
80071,5021,7003,Intermediate,True
80072,5021,7016,Beginner,False
80073,5021,7006,Advanced,False
80074,5021,7026,Intermediate,False
80075,5021,7021,Advanced,False
80076,5022,7005,Advanced,True
80077,5022,7009,Intermediate,False
80078,5022,7008,Intermediate,False
80079,5022,7023,Intermediate,False
80080,5023,7001,Expert,True
80081,5023,7009,Intermediate,False
80082,5023,7011,Advanced,False
80083,5024,7001,Expert,True
80084,5024,7016,Advanced,False
80085,5024,7007,Intermediate,False
80086,5025,7004,Expert,True
80087,5025,7029,Intermediate,False
80088,5025,7017,Advanced,False
80089,5025,7024,Beginner,False
80090,5025,7026,Beginner,False
80091,5026,7001,Intermediate,True
80092,5026,7024,Intermediate,False
80093,5026,7011,Expert,False
80094,5027,7003,Expert,True
80095,5027,7022,Beginner,False
80096,5027,7024,Beginner,False
80097,5027,7009,Intermediate,False
80098,5027,7001,Intermediate,False
80099,5028,7002,Advanced,True
80100,5028,7004,Advanced,False
80101,5028,7013,Beginner,False
80102,5029,7004,Intermediate,True
80103,5029,7002,Intermediate,False
80104,5029,7006,Intermediate,False
80105,5029,7005,Intermediate,False
80106,5030,7020,Advanced,True
80107,5030,7009,Advanced,False
80108,5031,7004,Advanced,True
80109,5031,7006,Beginner,False
80110,5031,7018,Beginner,False
80111,5031,7030,Advanced,False
80112,5031,7022,Intermediate,False
80113,5032,7003,Expert,True
80114,5032,7029,Intermediate,False
80115,5032,7016,Intermediate,False
80116,5033,7001,Advanced,True
80117,5033,7026,Intermediate,False
80118,5033,7002,Intermediate,False
80119,5033,7016,Advanced,False
80120,5034,7003,Expert,True
80121,5034,7005,Intermediate,False
80122,5034,7031,Intermediate,False
80123,5034,7006,Intermediate,False
80124,5034,7016,Intermediate,False
80125,5035,7001,Advanced,True
80126,5035,7012,Intermediate,False
80127,5035,7013,Advanced,False
80128,5035,7006,Intermediate,False
80129,5036,7003,Advanced,True
80130,5036,7015,Intermediate,False
80131,5036,7026,Advanced,False
80132,5037,7001,Advanced,True
80133,5037,7012,Advanced,False
80134,5037,7009,Intermediate,False
80135,5038,7005,Expert,True
80136,5038,7013,Intermediate,False
80137,5038,7009,Advanced,False
80138,5039,7020,Beginner,True
80139,5039,7023,Intermediate,False
80140,5039,7011,Intermediate,False
80141,5039,7022,Intermediate,False
80142,5040,7003,Advanced,True
80143,5040,7005,Intermediate,False
80144,5040,7020,Beginner,False
80145,5040,7012,Advanced,False
80146,5041,7022,Advanced,True
80147,5041,7006,Intermediate,False
80148,5042,7022,Expert,True
80149,5042,7028,Intermediate,False
80150,5042,7013,Advanced,False
80151,5043,7003,Expert,True
80152,5043,7027,Intermediate,False
80153,5043,7021,Intermediate,False
80154,5044,7020,Advanced,True
80155,5044,7016,Beginner,False
80156,5044,7008,Intermediate,False
80157,5044,7005,Intermediate,False
80158,5044,7026,Advanced,False
80159,5045,7001,Advanced,True
80160,5045,7028,Expert,False
80161,5045,7004,Intermediate,False
80162,5045,7015,Intermediate,False
80163,5046,7001,Advanced,True
80164,5046,7005,Intermediate,False
80165,5046,7026,Intermediate,False
80166,5046,7004,Intermediate,False
80167,5047,7002,Advanced,True
80168,5047,7016,Advanced,False
80169,5047,7008,Intermediate,False
80170,5048,7001,Intermediate,True
80171,5048,7013,Intermediate,False
80172,5048,7030,Advanced,False
80173,5048,7031,Intermediate,False
80174,5049,7001,Expert,True
80175,5049,7023,Advanced,False
80176,5049,7029,Beginner,False
80177,5050,7002,Expert,True
80178,5050,7012,Intermediate,False
80179,5050,7015,Intermediate,False
80180,5051,7003,Expert,True
80181,5051,7015,Intermediate,False
80182,5051,7017,Intermediate,False
80183,5052,7003,Expert,True
80184,5052,7019,Intermediate,False
80185,5052,7023,Beginner,False
80186,5052,7011,Beginner,False
80187,5052,7026,Advanced,False
80188,5053,7002,Advanced,True
80189,5053,7001,Intermediate,False
80190,5053,7026,Intermediate,False
80191,5053,7030,Expert,False
80192,5054,7002,Advanced,True
80193,5054,7007,Intermediate,False
80194,5055,7003,Advanced,True
80195,5055,7004,Beginner,False
80196,5055,7029,Intermediate,False
80197,5055,7009,Intermediate,False
80198,5055,7005,Advanced,False
80199,5056,7003,Advanced,True
80200,5056,7008,Expert,False
80201,5056,7001,Intermediate,False
80202,5056,7024,Intermediate,False
80203,5056,7015,Intermediate,False
80204,5057,7005,Advanced,True
80205,5057,7023,Intermediate,False
80206,5058,7005,Advanced,True
80207,5058,7022,Intermediate,False
80208,5058,7019,Intermediate,False
80209,5058,7009,Advanced,False
80210,5059,7005,Advanced,True
80211,5059,7017,Intermediate,False
80212,5059,7006,Intermediate,False
80213,5059,7009,Advanced,False
80214,5060,7003,Advanced,True
80215,5060,7024,Intermediate,False
80216,5060,7029,Intermediate,False
80217,5060,7018,Intermediate,False
80218,5060,7005,Intermediate,False
80219,5061,7002,Advanced,True
80220,5061,7028,Advanced,False
80221,5062,7002,Advanced,True
80222,5062,7006,Intermediate,False
80223,5062,7013,Intermediate,False
80224,5063,7004,Advanced,True
80225,5063,7001,Advanced,False
80226,5063,7021,Intermediate,False
80227,5064,7001,Advanced,True
80228,5064,7025,Advanced,False
80229,5064,7014,Advanced,False
80230,5064,7008,Advanced,False
80231,5064,7031,Advanced,False
80232,5065,7004,Advanced,True
80233,5065,7006,Beginner,False
80234,5066,7001,Advanced,True
80235,5066,7009,Advanced,False
80236,5066,7029,Advanced,False
80237,5066,7013,Intermediate,False
80238,5067,7005,Intermediate,True
80239,5067,7009,Intermediate,False
80240,5067,7021,Intermediate,False
80241,5068,7001,Expert,True
80242,5068,7002,Intermediate,False
80243,5068,7007,Intermediate,False
80244,5069,7022,Advanced,True
80245,5069,7030,Intermediate,False
80246,5069,7002,Beginner,False
80247,5070,7005,Advanced,True
80248,5070,7017,Beginner,False
80249,5070,7022,Advanced,False
80250,5071,7004,Intermediate,True
80251,5071,7030,Intermediate,False
80252,5072,7005,Advanced,True
80253,5072,7013,Beginner,False
80254,5072,7030,Advanced,False
80255,5072,7011,Advanced,False
80256,5072,7023,Beginner,False
80257,5073,7001,Advanced,True
80258,5073,7031,Intermediate,False
80259,5073,7005,Advanced,False
80260,5073,7016,Intermediate,False
80261,5074,7003,Intermediate,True
80262,5074,7019,Advanced,False
80263,5075,7002,Expert,True
80264,5075,7012,Advanced,False
80265,5075,7027,Intermediate,False
80266,5075,7025,Beginner,False
80267,5076,7001,Expert,True
80268,5076,7013,Beginner,False
80269,5076,7008,Intermediate,False
80270,5077,7004,Advanced,True
80271,5077,7017,Intermediate,False
80272,5078,7020,Advanced,True
80273,5078,7031,Advanced,False
80274,5078,7005,Beginner,False
80275,5078,7011,Expert,False
80276,5078,7015,Intermediate,False
80277,5079,7005,Expert,True
80278,5079,7002,Intermediate,False
80279,5079,7024,Intermediate,False
80280,5079,7031,Intermediate,False
80281,5080,7020,Intermediate,True
80282,5080,7027,Advanced,False
80283,5080,7023,Advanced,False
80284,5081,7002,Intermediate,True
80285,5081,7012,Advanced,False
80286,5081,7031,Intermediate,False
80287,5081,7008,Intermediate,False
80288,5081,7009,Advanced,False
80289,5082,7020,Advanced,True
80290,5082,7030,Advanced,False
80291,5082,7027,Intermediate,False
80292,5082,7026,Beginner,False
80293,5083,7004,Expert,True
80294,5083,7025,Intermediate,False
80295,5083,7013,Intermediate,False
80296,5084,7020,Advanced,True
80297,5084,7022,Intermediate,False
80298,5085,7002,Advanced,True
80299,5085,7028,Intermediate,False
80300,5085,7017,Advanced,False
80301,5085,7025,Intermediate,False
80302,5086,7001,Beginner,True
80303,5086,7021,Intermediate,False
80304,5086,7020,Intermediate,False
80305,5087,7003,Advanced,True
80306,5087,7007,Expert,False
80307,5088,7005,Advanced,True
80308,5088,7029,Advanced,False
80309,5088,7019,Intermediate,False
80310,5088,7023,Advanced,False
80311,5089,7001,Advanced,True
80312,5089,7018,Intermediate,False
80313,5089,7028,Beginner,False
80314,5090,7002,Expert,True
80315,5090,7012,Intermediate,False
80316,5090,7028,Advanced,False
80317,5091,7020,Intermediate,True
80318,5091,7021,Intermediate,False
80319,5091,7007,Intermediate,False
80320,5091,7031,Advanced,False
80321,5092,7001,Intermediate,True
80322,5092,7019,Intermediate,False
80323,5092,7008,Advanced,False
80324,5092,7020,Beginner,False
80325,5093,7004,Expert,True
80326,5093,7031,Intermediate,False
80327,5093,7014,Intermediate,False
80328,5094,7001,Expert,True
80329,5094,7028,Intermediate,False
80330,5094,7027,Intermediate,False
80331,5094,7008,Intermediate,False
80332,5094,7009,Intermediate,False
80333,5095,7005,Advanced,True
80334,5095,7006,Beginner,False
80335,5095,7013,Intermediate,False
80336,5095,7022,Intermediate,False
80337,5096,7003,Advanced,True
80338,5096,7011,Beginner,False
80339,5096,7018,Beginner,False
80340,5096,7023,Intermediate,False
80341,5096,7021,Intermediate,False
80342,5097,7004,Advanced,True
80343,5097,7024,Beginner,False
80344,5097,7013,Intermediate,False
80345,5097,7025,Beginner,False
80346,5098,7020,Expert,True
80347,5098,7011,Expert,False
80348,5098,7019,Intermediate,False
80349,5099,7004,Advanced,True
80350,5099,7008,Intermediate,False
80351,5100,7022,Intermediate,True
80352,5100,7005,Beginner,False
80353,5100,7030,Beginner,False
80354,5100,7017,Intermediate,False
80355,5101,7002,Advanced,True
80356,5101,7004,Intermediate,False
80357,5101,7010,Intermediate,False
80358,5102,7002,Expert,True
80359,5102,7015,Advanced,False
80360,5102,7029,Intermediate,False
80361,5102,7028,Advanced,False
80362,5102,7008,Intermediate,False
80363,5103,7004,Expert,True
80364,5103,7010,Intermediate,False
80365,5103,7013,Expert,False
80366,5104,7004,Advanced,True
80367,5104,7029,Advanced,False
80368,5104,7031,Beginner,False
80369,5105,7001,Advanced,True
80370,5105,7003,Advanced,False
80371,5105,7015,Intermediate,False
80372,5106,7022,Advanced,True
80373,5106,7002,Intermediate,False
80374,5106,7014,Beginner,False
80375,5106,7011,Advanced,False
80376,5106,7024,Beginner,False
80377,5107,7002,Expert,True
80378,5107,7009,Advanced,False
80379,5107,7022,Advanced,False
80380,5108,7003,Advanced,True
80381,5108,7006,Intermediate,False
80382,5108,7018,Intermediate,False
80383,5108,7001,Beginner,False
80384,5109,7004,Advanced,True
80385,5109,7030,Expert,False
80386,5109,7010,Beginner,False
80387,5109,7001,Intermediate,False
80388,5110,7020,Intermediate,True
80389,5110,7010,Beginner,False
80390,5111,7005,Advanced,True
80391,5111,7014,Beginner,False
80392,5111,7021,Expert,False
80393,5111,7008,Intermediate,False
80394,5112,7020,Expert,True
80395,5112,7025,Intermediate,False
80396,5112,7031,Intermediate,False
80397,5113,7001,Expert,True
80398,5113,7010,Intermediate,False
80399,5113,7027,Intermediate,False
80400,5113,7003,Beginner,False
80401,5114,7002,Advanced,True
80402,5114,7026,Beginner,False
80403,5114,7029,Intermediate,False
80404,5115,7002,Expert,True
80405,5115,7021,Beginner,False
80406,5115,7026,Intermediate,False
80407,5116,7005,Advanced,True
80408,5116,7031,Beginner,False
80409,5116,7009,Intermediate,False
80410,5116,7030,Advanced,False
80411,5117,7003,Advanced,True
80412,5117,7030,Intermediate,False
80413,5117,7012,Intermediate,False
80414,5118,7004,Advanced,True
80415,5118,7019,Beginner,False
80416,5118,7022,Intermediate,False
80417,5118,7013,Expert,False
80418,5119,7004,Advanced,True
80419,5119,7024,Intermediate,False
80420,5119,7020,Intermediate,False
80421,5119,7031,Intermediate,False
80422,5120,7002,Expert,True
80423,5120,7015,Advanced,False
80424,5120,7009,Intermediate,False
80425,5120,7020,Intermediate,False
80426,5120,7023,Beginner,False
80427,5121,7001,Advanced,True
80428,5121,7005,Intermediate,False
80429,5122,7003,Advanced,True
80430,5122,7028,Beginner,False
80431,5122,7008,Intermediate,False
80432,5122,7011,Beginner,False
80433,5123,7004,Advanced,True
80434,5123,7022,Beginner,False
80435,5123,7028,Advanced,False
80436,5124,7002,Advanced,True
80437,5124,7014,Advanced,False
80438,5124,7026,Intermediate,False
80439,5124,7023,Advanced,False
80440,5125,7005,Expert,True
80441,5125,7003,Intermediate,False
80442,5125,7025,Intermediate,False
80443,5126,7002,Intermediate,True
80444,5126,7012,Beginner,False
80445,5127,7003,Advanced,True
80446,5127,7029,Intermediate,False
80447,5127,7023,Intermediate,False
80448,5127,7025,Expert,False
80449,5128,7002,Expert,True
80450,5128,7024,Beginner,False
80451,5128,7023,Beginner,False
80452,5128,7012,Intermediate,False
80453,5129,7005,Advanced,True
80454,5129,7006,Intermediate,False
80455,5129,7029,Intermediate,False
80456,5129,7001,Intermediate,False
80457,5130,7003,Expert,True
80458,5130,7006,Beginner,False
80459,5130,7004,Intermediate,False
80460,5130,7009,Beginner,False
80461,5131,7020,Expert,True
80462,5131,7014,Intermediate,False
80463,5131,7015,Intermediate,False
80464,5131,7001,Intermediate,False
80465,5132,7005,Intermediate,True
80466,5132,7001,Advanced,False
80467,5133,7002,Advanced,True
80468,5133,7015,Advanced,False
80469,5133,7025,Expert,False
80470,5134,7001,Expert,True
80471,5134,7016,Advanced,False
80472,5134,7018,Advanced,False
80473,5135,7005,Beginner,True
80474,5135,7002,Intermediate,False
80475,5135,7016,Intermediate,False
80476,5136,7002,Advanced,True
80477,5136,7030,Advanced,False
80478,5136,7015,Intermediate,False
80479,5136,7005,Intermediate,False
80480,5137,7001,Advanced,True
80481,5137,7006,Intermediate,False
80482,5137,7015,Intermediate,False
80483,5138,7020,Expert,True
80484,5138,7019,Intermediate,False
80485,5138,7029,Beginner,False
80486,5139,7002,Advanced,True
80487,5139,7013,Intermediate,False
80488,5139,7028,Intermediate,False
80489,5139,7023,Expert,False
80490,5140,7001,Intermediate,True
80491,5140,7024,Intermediate,False
80492,5140,7025,Beginner,False
80493,5141,7001,Expert,True
80494,5141,7027,Intermediate,False
80495,5141,7013,Intermediate,False
80496,5142,7003,Intermediate,True
80497,5142,7011,Advanced,False
80498,5142,7030,Advanced,False
80499,5142,7008,Beginner,False
80500,5142,7023,Beginner,False
80501,5143,7002,Advanced,True
80502,5143,7005,Expert,False
80503,5143,7017,Advanced,False
80504,5143,7007,Advanced,False
80505,5144,7004,Advanced,True
80506,5144,7030,Intermediate,False
80507,5144,7020,Intermediate,False
80508,5144,7029,Advanced,False
80509,5145,7020,Expert,True
80510,5145,7014,Expert,False
80511,5145,7028,Advanced,False
80512,5146,7003,Intermediate,True
80513,5146,7005,Beginner,False
80514,5146,7028,Intermediate,False
80515,5146,7017,Advanced,False
80516,5147,7020,Advanced,True
80517,5147,7009,Intermediate,False
80518,5147,7024,Advanced,False
80519,5148,7001,Intermediate,True
80520,5148,7010,Intermediate,False
80521,5148,7028,Expert,False
80522,5148,7020,Advanced,False
80523,5149,7001,Advanced,True
80524,5149,7015,Beginner,False
80525,5149,7010,Intermediate,False
80526,5149,7009,Advanced,False
80527,5150,7002,Advanced,True
80528,5150,7020,Intermediate,False
80529,5150,7026,Advanced,False
80530,5150,7016,Intermediate,False
80531,5151,7002,Expert,True
80532,5151,7029,Intermediate,False
80533,5151,7016,Beginner,False
80534,5152,7001,Advanced,True
80535,5152,7027,Beginner,False
80536,5153,7002,Advanced,True
80537,5153,7026,Intermediate,False
80538,5153,7022,Beginner,False
80539,5154,7020,Expert,True
80540,5154,7018,Expert,False
80541,5154,7002,Advanced,False
80542,5155,7005,Advanced,True
80543,5155,7013,Advanced,False
80544,5155,7012,Advanced,False
80545,5155,7030,Intermediate,False
80546,5155,7023,Intermediate,False
80547,5156,7005,Advanced,True
80548,5156,7019,Intermediate,False
80549,5156,7031,Advanced,False
80550,5156,7020,Intermediate,False
80551,5156,7024,Intermediate,False
80552,5157,7002,Advanced,True
80553,5157,7027,Intermediate,False
80554,5157,7021,Intermediate,False
80555,5158,7001,Intermediate,True
80556,5158,7025,Expert,False
80557,5158,7030,Intermediate,False
80558,5159,7001,Advanced,True
80559,5159,7016,Beginner,False
80560,5159,7010,Advanced,False
80561,5159,7026,Intermediate,False
80562,5160,7002,Expert,True
80563,5160,7009,Beginner,False
80564,5160,7025,Beginner,False
80565,5160,7013,Intermediate,False
80566,5161,7003,Advanced,True
80567,5161,7002,Beginner,False
80568,5161,7026,Intermediate,False
80569,5162,7004,Expert,True
80570,5162,7007,Intermediate,False
80571,5162,7027,Advanced,False
80572,5163,7020,Advanced,True
80573,5163,7029,Intermediate,False
80574,5163,7019,Advanced,False
80575,5163,7007,Advanced,False
80576,5164,7004,Intermediate,True
80577,5164,7016,Intermediate,False
80578,5164,7025,Intermediate,False
80579,5164,7007,Advanced,False
80580,5165,7002,Advanced,True
80581,5165,7013,Beginner,False
80582,5165,7028,Intermediate,False
80583,5166,7001,Advanced,True
80584,5166,7004,Intermediate,False
80585,5166,7011,Intermediate,False
80586,5167,7004,Expert,True
80587,5167,7018,Intermediate,False
80588,5167,7015,Advanced,False
80589,5167,7021,Advanced,False
80590,5167,7013,Intermediate,False
80591,5168,7001,Advanced,True
80592,5168,7015,Expert,False
80593,5168,7024,Intermediate,False
80594,5169,7003,Expert,True
80595,5169,7014,Advanced,False
80596,5169,7015,Intermediate,False
80597,5169,7002,Expert,False
80598,5170,7003,Advanced,True
80599,5170,7005,Beginner,False
80600,5170,7011,Beginner,False
80601,5171,7002,Intermediate,True
80602,5171,7009,Advanced,False
80603,5171,7015,Intermediate,False
80604,5171,7001,Advanced,False
80605,5171,7027,Intermediate,False
80606,5172,7002,Beginner,True
80607,5172,7025,Intermediate,False
80608,5172,7015,Beginner,False
80609,5173,7001,Advanced,True
80610,5173,7009,Intermediate,False
80611,5173,7018,Intermediate,False
80612,5174,7005,Advanced,True
80613,5174,7020,Advanced,False
80614,5174,7026,Intermediate,False
80615,5174,7016,Beginner,False
80616,5175,7004,Advanced,True
80617,5175,7019,Intermediate,False
80618,5176,7001,Expert,True
80619,5176,7017,Advanced,False
80620,5176,7003,Advanced,False
80621,5177,7004,Advanced,True
80622,5177,7024,Advanced,False
80623,5177,7001,Intermediate,False
80624,5177,7018,Intermediate,False
80625,5178,7004,Advanced,True
80626,5178,7019,Advanced,False
80627,5179,7020,Advanced,True
80628,5179,7026,Beginner,False
80629,5179,7015,Intermediate,False
80630,5180,7003,Expert,True
80631,5180,7008,Advanced,False
80632,5180,7027,Intermediate,False
80633,5180,7006,Beginner,False
80634,5180,7007,Intermediate,False
80635,5181,7007,Intermediate,True
80636,5181,7017,Intermediate,False
80637,5181,7029,Intermediate,False
80638,5181,7031,Advanced,False
80639,5182,7007,Intermediate,True
80640,5182,7010,Beginner,False
80641,5182,7019,Intermediate,False
80642,5183,7005,Intermediate,True
80643,5183,7015,Intermediate,False
80644,5183,7023,Intermediate,False
80645,5184,7005,Intermediate,True
80646,5184,7014,Beginner,False
80647,5185,7011,Intermediate,True
80648,5185,7028,Intermediate,False
80649,5185,7030,Advanced,False
80650,5186,7009,Advanced,True
80651,5186,7026,Beginner,False
80652,5186,7018,Beginner,False
80653,5187,7008,Advanced,True
80654,5187,7017,Intermediate,False
80655,5187,7005,Advanced,False
80656,5188,7007,Advanced,True
80657,5188,7023,Advanced,False
80658,5188,7010,Intermediate,False
80659,5188,7001,Intermediate,False
80660,5188,7026,Beginner,False
80661,5189,7009,Advanced,True
80662,5189,7011,Beginner,False
80663,5189,7006,Intermediate,False
80664,5190,7012,Expert,True
80665,5190,7019,Expert,False
80666,5190,7016,Intermediate,False
80667,5190,7007,Intermediate,False
80668,5190,7005,Beginner,False
80669,5191,7005,Advanced,True
80670,5191,7002,Intermediate,False
80671,5191,7021,Intermediate,False
80672,5191,7028,Intermediate,False
80673,5191,7023,Intermediate,False
80674,5192,7005,Intermediate,True
80675,5192,7020,Intermediate,False
80676,5192,7009,Advanced,False
80677,5192,7003,Advanced,False
80678,5193,7013,Advanced,True
80679,5193,7012,Intermediate,False
80680,5193,7021,Intermediate,False
80681,5193,7018,Intermediate,False
80682,5193,7027,Advanced,False
80683,5194,7008,Advanced,True
80684,5194,7004,Intermediate,False
80685,5194,7013,Beginner,False
80686,5195,7009,Beginner,True
80687,5195,7005,Beginner,False
80688,5195,7021,Beginner,False
80689,5195,7017,Intermediate,False
80690,5196,7009,Intermediate,True
80691,5196,7014,Advanced,False
80692,5196,7019,Intermediate,False
80693,5197,7008,Advanced,True
80694,5197,7028,Advanced,False
80695,5197,7023,Advanced,False
80696,5197,7016,Intermediate,False
80697,5197,7010,Beginner,False
80698,5198,7010,Advanced,True
80699,5198,7005,Intermediate,False
80700,5198,7009,Beginner,False
80701,5198,7016,Advanced,False
80702,5199,7010,Intermediate,True
80703,5199,7024,Intermediate,False
80704,5199,7006,Intermediate,False
80705,5199,7013,Advanced,False
80706,5200,7007,Advanced,True
80707,5200,7006,Advanced,False
80708,5200,7008,Advanced,False
80709,5201,7005,Advanced,True
80710,5201,7028,Advanced,False
80711,5201,7022,Intermediate,False
80712,5202,7008,Advanced,True
80713,5202,7023,Intermediate,False
80714,5202,7025,Beginner,False
80715,5202,7020,Intermediate,False
80716,5203,7010,Expert,True
80717,5203,7031,Advanced,False
80718,5203,7020,Advanced,False
80719,5204,7007,Advanced,True
80720,5204,7005,Intermediate,False
80721,5204,7024,Intermediate,False
80722,5204,7023,Intermediate,False
80723,5205,7012,Expert,True
80724,5205,7022,Intermediate,False
80725,5205,7007,Expert,False
80726,5205,7029,Intermediate,False
80727,5206,7009,Expert,True
80728,5206,7006,Advanced,False
80729,5206,7018,Intermediate,False
80730,5207,7007,Beginner,True
80731,5207,7016,Intermediate,False
80732,5207,7004,Beginner,False
80733,5208,7008,Advanced,True
80734,5208,7025,Intermediate,False
80735,5209,7012,Intermediate,True
80736,5209,7013,Intermediate,False
80737,5209,7011,Beginner,False
80738,5209,7004,Intermediate,False
80739,5209,7003,Beginner,False
80740,5210,7010,Advanced,True
80741,5210,7028,Expert,False
80742,5210,7002,Advanced,False
80743,5210,7001,Advanced,False
80744,5210,7009,Intermediate,False
80745,5211,7007,Advanced,True
80746,5211,7021,Advanced,False
80747,5212,7009,Intermediate,True
80748,5212,7008,Intermediate,False
80749,5212,7007,Advanced,False
80750,5212,7031,Beginner,False
80751,5213,7005,Advanced,True
80752,5213,7016,Beginner,False
80753,5213,7008,Intermediate,False
80754,5213,7003,Intermediate,False
80755,5213,7021,Intermediate,False
80756,5214,7007,Advanced,True
80757,5214,7026,Advanced,False
80758,5215,7010,Advanced,True
80759,5215,7016,Intermediate,False
80760,5215,7014,Beginner,False
80761,5215,7027,Intermediate,False
80762,5216,7009,Advanced,True
80763,5216,7018,Intermediate,False
80764,5217,7005,Expert,True
80765,5217,7009,Advanced,False
80766,5217,7020,Beginner,False
80767,5217,7027,Intermediate,False
80768,5218,7007,Intermediate,True
80769,5218,7021,Beginner,False
80770,5218,7016,Beginner,False
80771,5219,7005,Advanced,True
80772,5219,7018,Intermediate,False
80773,5219,7022,Intermediate,False
80774,5219,7026,Beginner,False
80775,5220,7008,Advanced,True
80776,5220,7003,Intermediate,False
80777,5220,7006,Beginner,False
80778,5220,7005,Intermediate,False
80779,5221,7010,Intermediate,True
80780,5221,7007,Intermediate,False
80781,5221,7015,Advanced,False
80782,5221,7006,Advanced,False
80783,5222,7007,Advanced,True
80784,5222,7024,Advanced,False
80785,5222,7016,Intermediate,False
80786,5222,7021,Intermediate,False
80787,5223,7007,Expert,True
80788,5223,7010,Advanced,False
80789,5223,7016,Intermediate,False
80790,5224,7012,Advanced,True
80791,5224,7024,Intermediate,False
80792,5224,7001,Advanced,False
80793,5224,7016,Expert,False
80794,5225,7007,Expert,True
80795,5225,7013,Beginner,False
80796,5225,7014,Beginner,False
80797,5225,7012,Intermediate,False
80798,5226,7008,Advanced,True
80799,5226,7016,Advanced,False
80800,5226,7013,Intermediate,False
80801,5227,7013,Advanced,True
80802,5227,7003,Intermediate,False
80803,5227,7011,Beginner,False
80804,5228,7011,Intermediate,True
80805,5228,7013,Intermediate,False
80806,5228,7005,Beginner,False
80807,5229,7010,Expert,True
80808,5229,7022,Intermediate,False
80809,5229,7027,Intermediate,False
80810,5230,7008,Intermediate,True
80811,5230,7006,Intermediate,False
80812,5230,7023,Advanced,False
80813,5231,7009,Intermediate,True
80814,5231,7024,Advanced,False
80815,5231,7008,Beginner,False
80816,5232,7005,Advanced,True
80817,5232,7024,Intermediate,False
80818,5232,7006,Intermediate,False
80819,5233,7012,Advanced,True
80820,5233,7020,Advanced,False
80821,5233,7013,Intermediate,False
80822,5233,7029,Beginner,False
80823,5234,7010,Advanced,True
80824,5234,7029,Advanced,False
80825,5234,7018,Advanced,False
80826,5234,7020,Advanced,False
80827,5234,7030,Intermediate,False
80828,5235,7005,Expert,True
80829,5235,7030,Intermediate,False
80830,5235,7022,Intermediate,False
80831,5236,7005,Advanced,True
80832,5236,7018,Intermediate,False
80833,5236,7024,Intermediate,False
80834,5236,7017,Intermediate,False
80835,5237,7012,Expert,True
80836,5237,7007,Intermediate,False
80837,5237,7013,Intermediate,False
80838,5237,7001,Intermediate,False
80839,5238,7008,Expert,True
80840,5238,7012,Intermediate,False
80841,5238,7031,Beginner,False
80842,5239,7010,Advanced,True
80843,5239,7018,Beginner,False
80844,5239,7006,Intermediate,False
80845,5240,7007,Expert,True
80846,5240,7015,Intermediate,False
80847,5240,7006,Intermediate,False
80848,5241,7005,Advanced,True
80849,5241,7022,Beginner,False
80850,5241,7009,Advanced,False
80851,5242,7008,Advanced,True
80852,5242,7027,Beginner,False
80853,5242,7002,Intermediate,False
80854,5242,7031,Intermediate,False
80855,5243,7007,Expert,True
80856,5243,7002,Intermediate,False
80857,5243,7003,Intermediate,False
80858,5243,7025,Advanced,False
80859,5244,7013,Expert,True
80860,5244,7026,Beginner,False
80861,5244,7024,Intermediate,False
80862,5244,7025,Advanced,False
80863,5244,7019,Advanced,False
80864,5245,7007,Advanced,True
80865,5245,7020,Intermediate,False
80866,5245,7026,Intermediate,False
80867,5246,7010,Advanced,True
80868,5246,7014,Advanced,False
80869,5246,7001,Intermediate,False
80870,5247,7008,Expert,True
80871,5247,7026,Intermediate,False
80872,5247,7016,Beginner,False
80873,5247,7025,Advanced,False
80874,5248,7008,Advanced,True
80875,5248,7015,Intermediate,False
80876,5248,7013,Intermediate,False
80877,5248,7016,Beginner,False
80878,5248,7029,Advanced,False
80879,5249,7005,Advanced,True
80880,5249,7028,Intermediate,False
80881,5249,7006,Advanced,False
80882,5249,7004,Advanced,False
80883,5250,7009,Advanced,True
80884,5250,7020,Beginner,False
80885,5250,7005,Beginner,False
80886,5251,7013,Expert,True
80887,5251,7020,Intermediate,False
80888,5251,7022,Intermediate,False
80889,5251,7027,Intermediate,False
80890,5251,7021,Advanced,False
80891,5252,7005,Advanced,True
80892,5252,7017,Expert,False
80893,5252,7010,Intermediate,False
80894,5253,7007,Intermediate,True
80895,5253,7023,Advanced,False
80896,5253,7019,Intermediate,False
80897,5254,7005,Advanced,True
80898,5254,7031,Intermediate,False
80899,5254,7014,Intermediate,False
80900,5255,7005,Beginner,True
80901,5255,7018,Intermediate,False
80902,5256,7011,Advanced,True
80903,5256,7009,Intermediate,False
80904,5256,7010,Beginner,False
80905,5257,7012,Advanced,True
80906,5257,7010,Advanced,False
80907,5257,7029,Intermediate,False
80908,5257,7013,Beginner,False
80909,5258,7008,Advanced,True
80910,5258,7013,Intermediate,False
80911,5258,7018,Intermediate,False
80912,5259,7013,Advanced,True
80913,5259,7028,Intermediate,False
80914,5259,7014,Intermediate,False
80915,5260,7008,Intermediate,True
80916,5260,7016,Beginner,False
80917,5260,7020,Intermediate,False
80918,5261,7012,Expert,True
80919,5261,7028,Intermediate,False
80920,5261,7024,Advanced,False
80921,5262,7011,Advanced,True
80922,5262,7012,Intermediate,False
80923,5262,7030,Intermediate,False
80924,5263,7009,Expert,True
80925,5263,7010,Intermediate,False
80926,5263,7014,Advanced,False
80927,5263,7024,Intermediate,False
80928,5264,7009,Advanced,True
80929,5264,7031,Advanced,False
80930,5264,7008,Intermediate,False
80931,5265,7008,Expert,True
80932,5265,7019,Intermediate,False
80933,5265,7010,Advanced,False
80934,5265,7006,Intermediate,False
80935,5265,7009,Beginner,False
80936,5266,7005,Intermediate,True
80937,5266,7007,Intermediate,False
80938,5267,7010,Expert,True
80939,5267,7025,Intermediate,False
80940,5267,7014,Beginner,False
80941,5268,7005,Advanced,True
80942,5268,7004,Beginner,False
80943,5268,7023,Intermediate,False
80944,5268,7025,Intermediate,False
80945,5268,7016,Expert,False
80946,5269,7005,Advanced,True
80947,5269,7028,Beginner,False
80948,5269,7012,Beginner,False
80949,5269,7007,Advanced,False
80950,5270,7005,Intermediate,True
80951,5270,7007,Intermediate,False
80952,5270,7023,Intermediate,False
80953,5270,7002,Beginner,False
80954,5271,7009,Expert,True
80955,5271,7024,Advanced,False
80956,5271,7007,Intermediate,False
80957,5272,7009,Intermediate,True
80958,5272,7014,Beginner,False
80959,5272,7024,Advanced,False
80960,5272,7003,Advanced,False
80961,5272,7016,Advanced,False
80962,5273,7007,Advanced,True
80963,5273,7009,Expert,False
80964,5273,7005,Intermediate,False
80965,5274,7005,Expert,True
80966,5274,7001,Advanced,False
80967,5274,7030,Beginner,False
80968,5274,7010,Beginner,False
80969,5275,7007,Advanced,True
80970,5275,7004,Intermediate,False
80971,5276,7009,Advanced,True
80972,5276,7014,Intermediate,False
80973,5276,7015,Beginner,False
80974,5276,7010,Intermediate,False
80975,5276,7001,Intermediate,False
80976,5277,7007,Expert,True
80977,5277,7009,Intermediate,False
80978,5277,7023,Intermediate,False
80979,5278,7005,Advanced,True
80980,5278,7003,Expert,False
80981,5278,7026,Beginner,False
80982,5279,7008,Expert,True
80983,5279,7029,Intermediate,False
80984,5279,7020,Expert,False
80985,5279,7012,Intermediate,False
80986,5279,7002,Intermediate,False
80987,5280,7013,Expert,True
80988,5280,7004,Intermediate,False
80989,5280,7011,Expert,False
80990,5280,7022,Intermediate,False
80991,5281,7005,Advanced,True
80992,5281,7031,Intermediate,False
80993,5282,7009,Expert,True
80994,5282,7020,Intermediate,False
80995,5282,7024,Intermediate,False
80996,5283,7011,Expert,True
80997,5283,7025,Intermediate,False
80998,5283,7015,Beginner,False
80999,5284,7007,Advanced,True
81000,5284,7011,Beginner,False
81001,5284,7014,Advanced,False
81002,5285,7009,Advanced,True
81003,5285,7025,Intermediate,False
81004,5285,7030,Advanced,False
81005,5285,7004,Intermediate,False
81006,5285,7011,Expert,False
81007,5286,7009,Expert,True
81008,5286,7005,Intermediate,False
81009,5286,7001,Intermediate,False
81010,5287,7008,Advanced,True
81011,5287,7023,Intermediate,False
81012,5287,7001,Intermediate,False
81013,5287,7027,Intermediate,False
81014,5287,7024,Intermediate,False
81015,5288,7005,Advanced,True
81016,5288,7009,Beginner,False
81017,5288,7013,Intermediate,False
81018,5288,7008,Beginner,False
81019,5289,7009,Advanced,True
81020,5289,7031,Intermediate,False
81021,5289,7013,Intermediate,False
81022,5289,7001,Beginner,False
81023,5290,7005,Advanced,True
81024,5290,7021,Intermediate,False
81025,5290,7001,Expert,False
81026,5291,7005,Advanced,True
81027,5291,7017,Beginner,False
81028,5291,7009,Intermediate,False
81029,5291,7006,Intermediate,False
81030,5292,7010,Beginner,True
81031,5292,7028,Intermediate,False
81032,5292,7027,Advanced,False
81033,5292,7017,Advanced,False
81034,5293,7012,Intermediate,True
81035,5293,7010,Intermediate,False
81036,5293,7019,Intermediate,False
81037,5293,7025,Intermediate,False
81038,5294,7008,Advanced,True
81039,5294,7004,Intermediate,False
81040,5294,7011,Advanced,False
81041,5295,7005,Advanced,True
81042,5295,7025,Intermediate,False
81043,5295,7006,Intermediate,False
81044,5295,7017,Advanced,False
81045,5296,7007,Advanced,True
81046,5296,7020,Beginner,False
81047,5296,7009,Advanced,False
81048,5297,7007,Expert,True
81049,5297,7013,Advanced,False
81050,5297,7026,Advanced,False
81051,5297,7015,Intermediate,False
81052,5298,7009,Advanced,True
81053,5298,7006,Advanced,False
81054,5298,7024,Advanced,False
81055,5298,7007,Intermediate,False
81056,5299,7005,Intermediate,True
81057,5299,7022,Intermediate,False
81058,5299,7024,Beginner,False
81059,5299,7023,Intermediate,False
81060,5300,7012,Advanced,True
81061,5300,7001,Intermediate,False
81062,5300,7021,Beginner,False
81063,5301,7005,Expert,True
81064,5301,7024,Intermediate,False
81065,5302,7009,Advanced,True
81066,5302,7018,Advanced,False
81067,5302,7031,Intermediate,False
81068,5302,7013,Intermediate,False
81069,5302,7030,Expert,False
81070,5303,7009,Advanced,True
81071,5303,7003,Advanced,False
81072,5303,7025,Advanced,False
81073,5304,7005,Expert,True
81074,5304,7026,Intermediate,False
81075,5304,7027,Intermediate,False
81076,5304,7006,Advanced,False
81077,5305,7009,Expert,True
81078,5305,7012,Beginner,False
81079,5306,7005,Advanced,True
81080,5306,7018,Intermediate,False
81081,5306,7015,Beginner,False
81082,5306,7022,Intermediate,False
81083,5307,7005,Advanced,True
81084,5307,7018,Advanced,False
81085,5307,7010,Intermediate,False
81086,5308,7005,Advanced,True
81087,5308,7026,Advanced,False
81088,5308,7013,Intermediate,False
81089,5309,7009,Intermediate,True
81090,5309,7029,Beginner,False
81091,5309,7022,Beginner,False
81092,5309,7012,Beginner,False
81093,5310,7005,Expert,True
81094,5310,7017,Beginner,False
81095,5310,7023,Intermediate,False
81096,5311,7012,Advanced,True
81097,5311,7027,Advanced,False
81098,5311,7007,Intermediate,False
81099,5311,7009,Intermediate,False
81100,5312,7012,Advanced,True
81101,5312,7017,Intermediate,False
81102,5312,7026,Intermediate,False
81103,5313,7011,Advanced,True
81104,5313,7028,Intermediate,False
81105,5313,7001,Expert,False
81106,5313,7006,Advanced,False
81107,5313,7023,Advanced,False
81108,5314,7005,Expert,True
81109,5314,7014,Beginner,False
81110,5314,7025,Beginner,False
81111,5314,7028,Intermediate,False
81112,5314,7030,Expert,False
81113,5315,7010,Advanced,True
81114,5315,7016,Advanced,False
81115,5315,7021,Intermediate,False
81116,5316,7009,Expert,True
81117,5316,7022,Advanced,False
81118,5317,7005,Expert,True
81119,5317,7008,Intermediate,False
81120,5317,7027,Intermediate,False
81121,5318,7008,Advanced,True
81122,5318,7027,Advanced,False
81123,5318,7009,Advanced,False
81124,5318,7006,Expert,False
81125,5319,7011,Intermediate,True
81126,5319,7025,Beginner,False
81127,5319,7014,Intermediate,False
81128,5319,7003,Intermediate,False
81129,5319,7021,Advanced,False
81130,5320,7008,Advanced,True
81131,5320,7027,Intermediate,False
81132,5320,7009,Intermediate,False
81133,5321,7011,Advanced,True
81134,5321,7016,Intermediate,False
81135,5321,7009,Intermediate,False
81136,5322,7005,Expert,True
81137,5322,7024,Beginner,False
81138,5322,7009,Advanced,False
81139,5322,7010,Intermediate,False
81140,5322,7015,Intermediate,False
81141,5323,7007,Advanced,True
81142,5323,7023,Intermediate,False
81143,5323,7017,Advanced,False
81144,5323,7030,Intermediate,False
81145,5324,7008,Expert,True
81146,5324,7004,Advanced,False
81147,5324,7029,Intermediate,False
81148,5324,7001,Intermediate,False
81149,5325,7007,Advanced,True
81150,5325,7025,Intermediate,False
81151,5325,7014,Advanced,False
81152,5325,7022,Advanced,False
81153,5326,7007,Intermediate,True
81154,5326,7009,Intermediate,False
81155,5327,7009,Advanced,True
81156,5327,7010,Advanced,False
81157,5327,7020,Expert,False
81158,5328,7008,Advanced,True
81159,5328,7007,Intermediate,False
81160,5329,7007,Expert,True
81161,5329,7026,Advanced,False
81162,5329,7006,Beginner,False
81163,5330,7009,Advanced,True
81164,5330,7010,Intermediate,False
81165,5330,7014,Beginner,False
81166,5330,7005,Advanced,False
81167,5331,7011,Advanced,True
81168,5331,7016,Beginner,False
81169,5331,7010,Intermediate,False
81170,5332,7010,Advanced,True
81171,5332,7021,Intermediate,False
81172,5332,7004,Intermediate,False
81173,5332,7003,Advanced,False
81174,5333,7008,Advanced,True
81175,5333,7013,Intermediate,False
81176,5333,7017,Expert,False
81177,5333,7003,Intermediate,False
81178,5334,7010,Expert,True
81179,5334,7025,Advanced,False
81180,5334,7031,Beginner,False
81181,5335,7011,Advanced,True
81182,5335,7017,Expert,False
81183,5335,7025,Intermediate,False
81184,5336,7011,Advanced,True
81185,5336,7019,Expert,False
81186,5336,7014,Advanced,False
81187,5336,7004,Intermediate,False
81188,5336,7015,Intermediate,False
81189,5337,7007,Advanced,True
81190,5337,7013,Beginner,False
81191,5337,7024,Intermediate,False
81192,5337,7029,Advanced,False
81193,5338,7011,Advanced,True
81194,5338,7031,Intermediate,False
81195,5339,7005,Advanced,True
81196,5339,7024,Beginner,False
81197,5339,7017,Intermediate,False
81198,5340,7010,Expert,True
81199,5340,7005,Beginner,False
81200,5340,7006,Advanced,False
81201,5340,7025,Advanced,False
81202,5341,7007,Intermediate,True
81203,5341,7023,Intermediate,False
81204,5341,7028,Intermediate,False
81205,5341,7012,Advanced,False
81206,5341,7031,Beginner,False
81207,5342,7008,Advanced,True
81208,5342,7015,Intermediate,False
81209,5342,7011,Beginner,False
81210,5343,7007,Expert,True
81211,5343,7024,Intermediate,False
81212,5343,7021,Intermediate,False
81213,5344,7009,Advanced,True
81214,5344,7023,Advanced,False
81215,5344,7008,Intermediate,False
81216,5344,7026,Intermediate,False
81217,5345,7008,Intermediate,True
81218,5345,7010,Intermediate,False
81219,5346,7009,Advanced,True
81220,5346,7005,Intermediate,False
81221,5346,7020,Intermediate,False
81222,5347,7010,Expert,True
81223,5347,7012,Advanced,False
81224,5347,7014,Intermediate,False
81225,5347,7017,Beginner,False
81226,5348,7007,Intermediate,True
81227,5348,7029,Advanced,False
81228,5348,7027,Beginner,False
81229,5348,7019,Intermediate,False
81230,5349,7008,Expert,True
81231,5349,7017,Intermediate,False
81232,5349,7009,Advanced,False
81233,5349,7018,Intermediate,False
81234,5350,7010,Intermediate,True
81235,5350,7023,Advanced,False
81236,5350,7030,Intermediate,False
81237,5351,7005,Intermediate,True
81238,5351,7004,Intermediate,False
81239,5351,7010,Intermediate,False
81240,5352,7005,Intermediate,True
81241,5352,7026,Beginner,False
81242,5352,7008,Intermediate,False
81243,5353,7012,Advanced,True
81244,5353,7023,Beginner,False
81245,5353,7005,Advanced,False
81246,5354,7011,Intermediate,True
81247,5354,7019,Intermediate,False
81248,5354,7016,Intermediate,False
81249,5355,7011,Advanced,True
81250,5355,7021,Intermediate,False
81251,5355,7019,Beginner,False
81252,5355,7018,Beginner,False
81253,5355,7013,Beginner,False
81254,5356,7011,Advanced,True
81255,5356,7010,Intermediate,False
81256,5356,7021,Intermediate,False
81257,5357,7010,Advanced,True
81258,5357,7019,Intermediate,False
81259,5357,7002,Beginner,False
81260,5358,7008,Advanced,True
81261,5358,7023,Beginner,False
81262,5358,7015,Advanced,False
81263,5358,7024,Expert,False
81264,5358,7011,Intermediate,False
81265,5359,7005,Expert,True
81266,5359,7023,Intermediate,False
81267,5359,7022,Intermediate,False
81268,5360,7005,Advanced,True
81269,5360,7015,Intermediate,False
81270,5360,7014,Intermediate,False
81271,5360,7007,Intermediate,False
81272,5360,7021,Intermediate,False
81273,5361,7018,Advanced,True
81274,5361,7031,Intermediate,False
81275,5362,7002,Advanced,True
81276,5362,7017,Expert,False
81277,5362,7006,Intermediate,False
81278,5363,7017,Advanced,True
81279,5363,7001,Advanced,False
81280,5363,7014,Intermediate,False
81281,5363,7025,Intermediate,False
81282,5363,7030,Advanced,False
81283,5364,7002,Intermediate,True
81284,5364,7021,Intermediate,False
81285,5364,7006,Advanced,False
81286,5364,7030,Intermediate,False
81287,5365,7006,Expert,True
81288,5365,7027,Intermediate,False
81289,5365,7015,Intermediate,False
81290,5365,7021,Intermediate,False
81291,5366,7019,Advanced,True
81292,5366,7023,Intermediate,False
81293,5366,7020,Advanced,False
81294,5366,7010,Intermediate,False
81295,5367,7018,Advanced,True
81296,5367,7023,Intermediate,False
81297,5367,7021,Expert,False
81298,5367,7011,Advanced,False
81299,5368,7018,Expert,True
81300,5368,7011,Advanced,False
81301,5368,7014,Advanced,False
81302,5369,7018,Advanced,True
81303,5369,7007,Beginner,False
81304,5369,7011,Beginner,False
81305,5369,7026,Advanced,False
81306,5370,7002,Expert,True
81307,5370,7018,Intermediate,False
81308,5370,7019,Intermediate,False
81309,5371,7002,Expert,True
81310,5371,7011,Intermediate,False
81311,5371,7023,Intermediate,False
81312,5371,7014,Expert,False
81313,5371,7031,Advanced,False
81314,5372,7019,Expert,True
81315,5372,7021,Advanced,False
81316,5372,7003,Advanced,False
81317,5373,7019,Expert,True
81318,5373,7004,Advanced,False
81319,5373,7025,Advanced,False
81320,5373,7023,Intermediate,False
81321,5374,7019,Expert,True
81322,5374,7001,Intermediate,False
81323,5374,7023,Intermediate,False
81324,5374,7031,Beginner,False
81325,5375,7006,Advanced,True
81326,5375,7018,Beginner,False
81327,5375,7011,Expert,False
81328,5376,7018,Expert,True
81329,5376,7028,Beginner,False
81330,5376,7015,Intermediate,False
81331,5376,7029,Intermediate,False
81332,5377,7017,Expert,True
81333,5377,7016,Advanced,False
81334,5377,7010,Expert,False
81335,5377,7003,Intermediate,False
81336,5378,7002,Intermediate,True
81337,5378,7030,Beginner,False
81338,5378,7021,Intermediate,False
81339,5378,7029,Intermediate,False
81340,5378,7013,Beginner,False
81341,5379,7018,Intermediate,True
81342,5379,7010,Intermediate,False
81343,5379,7009,Beginner,False
81344,5379,7017,Intermediate,False
81345,5380,7017,Intermediate,True
81346,5380,7013,Intermediate,False
81347,5380,7018,Intermediate,False
81348,5381,7018,Intermediate,True
81349,5381,7011,Advanced,False
81350,5381,7030,Beginner,False
81351,5382,7018,Expert,True
81352,5382,7001,Beginner,False
81353,5382,7020,Advanced,False
81354,5382,7009,Advanced,False
81355,5383,7017,Advanced,True
81356,5383,7020,Intermediate,False
81357,5383,7010,Beginner,False
81358,5384,7019,Advanced,True
81359,5384,7023,Intermediate,False
81360,5384,7005,Intermediate,False
81361,5384,7002,Beginner,False
81362,5384,7011,Advanced,False
81363,5385,7006,Expert,True
81364,5385,7025,Advanced,False
81365,5385,7031,Beginner,False
81366,5386,7020,Beginner,True
81367,5386,7002,Intermediate,False
81368,5386,7009,Beginner,False
81369,5386,7014,Advanced,False
81370,5387,7018,Advanced,True
81371,5387,7017,Intermediate,False
81372,5387,7011,Advanced,False
81373,5387,7013,Intermediate,False
81374,5388,7017,Expert,True
81375,5388,7004,Advanced,False
81376,5388,7005,Expert,False
81377,5389,7017,Expert,True
81378,5389,7003,Beginner,False
81379,5389,7013,Advanced,False
81380,5389,7024,Intermediate,False
81381,5390,7017,Intermediate,True
81382,5390,7022,Intermediate,False
81383,5390,7020,Intermediate,False
81384,5390,7004,Intermediate,False
81385,5391,7017,Intermediate,True
81386,5391,7003,Beginner,False
81387,5392,7018,Advanced,True
81388,5392,7022,Intermediate,False
81389,5392,7004,Beginner,False
81390,5393,7018,Advanced,True
81391,5393,7002,Intermediate,False
81392,5394,7018,Intermediate,True
81393,5394,7008,Beginner,False
81394,5394,7030,Beginner,False
81395,5395,7006,Expert,True
81396,5395,7013,Beginner,False
81397,5395,7005,Intermediate,False
81398,5396,7002,Intermediate,True
81399,5396,7007,Beginner,False
81400,5396,7006,Intermediate,False
81401,5397,7002,Advanced,True
81402,5397,7025,Advanced,False
81403,5397,7027,Intermediate,False
81404,5398,7018,Intermediate,True
81405,5398,7003,Beginner,False
81406,5398,7016,Intermediate,False
81407,5398,7010,Intermediate,False
81408,5399,7017,Intermediate,True
81409,5399,7030,Intermediate,False
81410,5399,7022,Beginner,False
81411,5399,7028,Advanced,False
81412,5399,7003,Intermediate,False
81413,5400,7018,Advanced,True
81414,5400,7026,Beginner,False
81415,5400,7003,Beginner,False
81416,5401,7018,Expert,True
81417,5401,7030,Intermediate,False
81418,5401,7026,Intermediate,False
81419,5401,7029,Intermediate,False
81420,5402,7019,Intermediate,True
81421,5402,7011,Intermediate,False
81422,5403,7002,Advanced,True
81423,5403,7017,Intermediate,False
81424,5403,7001,Beginner,False
81425,5404,7017,Expert,True
81426,5404,7027,Intermediate,False
81427,5404,7024,Intermediate,False
81428,5404,7003,Advanced,False
81429,5405,7020,Advanced,True
81430,5405,7026,Advanced,False
81431,5405,7014,Intermediate,False
81432,5406,7017,Advanced,True
81433,5406,7001,Intermediate,False
81434,5406,7016,Advanced,False
81435,5407,7006,Advanced,True
81436,5407,7024,Intermediate,False
81437,5407,7025,Intermediate,False
81438,5408,7019,Advanced,True
81439,5408,7001,Intermediate,False
81440,5408,7004,Intermediate,False
81441,5408,7018,Advanced,False
81442,5409,7017,Intermediate,True
81443,5409,7029,Expert,False
81444,5409,7027,Expert,False
81445,5410,7017,Advanced,True
81446,5410,7022,Intermediate,False
81447,5411,7018,Expert,True
81448,5411,7024,Intermediate,False
81449,5412,7017,Expert,True
81450,5412,7007,Advanced,False
81451,5412,7008,Intermediate,False
81452,5412,7019,Expert,False
81453,5412,7022,Beginner,False
81454,5413,7020,Expert,True
81455,5413,7029,Intermediate,False
81456,5413,7026,Advanced,False
81457,5414,7019,Advanced,True
81458,5414,7005,Advanced,False
81459,5414,7029,Intermediate,False
81460,5414,7022,Intermediate,False
81461,5414,7021,Intermediate,False
81462,5415,7006,Expert,True
81463,5415,7020,Intermediate,False
81464,5415,7012,Beginner,False
81465,5415,7004,Intermediate,False
81466,5416,7018,Intermediate,True
81467,5416,7028,Intermediate,False
81468,5416,7029,Advanced,False
81469,5417,7017,Expert,True
81470,5417,7007,Advanced,False
81471,5417,7001,Intermediate,False
81472,5418,7017,Advanced,True
81473,5418,7011,Intermediate,False
81474,5418,7004,Intermediate,False
81475,5419,7006,Beginner,True
81476,5419,7026,Beginner,False
81477,5419,7027,Intermediate,False
81478,5420,7017,Advanced,True
81479,5420,7028,Beginner,False
81480,5421,7017,Expert,True
81481,5421,7020,Intermediate,False
81482,5422,7006,Intermediate,True
81483,5422,7027,Advanced,False
81484,5423,7018,Expert,True
81485,5423,7003,Advanced,False
81486,5423,7020,Advanced,False
81487,5423,7013,Intermediate,False
81488,5424,7018,Advanced,True
81489,5424,7015,Intermediate,False
81490,5424,7024,Beginner,False
81491,5425,7017,Expert,True
81492,5425,7002,Intermediate,False
81493,5425,7014,Beginner,False
81494,5426,7017,Advanced,True
81495,5426,7010,Intermediate,False
81496,5426,7020,Advanced,False
81497,5427,7019,Intermediate,True
81498,5427,7024,Beginner,False
81499,5427,7028,Beginner,False
81500,5427,7030,Beginner,False
81501,5428,7020,Intermediate,True
81502,5428,7021,Advanced,False
81503,5428,7008,Advanced,False
81504,5429,7002,Advanced,True
81505,5429,7001,Intermediate,False
81506,5429,7011,Intermediate,False
81507,5429,7014,Advanced,False
81508,5430,7019,Intermediate,True
81509,5430,7007,Advanced,False
81510,5430,7009,Intermediate,False
81511,5430,7030,Advanced,False
81512,5431,7006,Expert,True
81513,5431,7019,Expert,False
81514,5431,7027,Advanced,False
81515,5431,7017,Beginner,False
81516,5432,7017,Expert,True
81517,5432,7027,Beginner,False
81518,5432,7013,Intermediate,False
81519,5433,7006,Intermediate,True
81520,5433,7008,Intermediate,False
81521,5433,7020,Intermediate,False
81522,5434,7018,Advanced,True
81523,5434,7011,Beginner,False
81524,5434,7021,Advanced,False
81525,5434,7027,Advanced,False
81526,5435,7018,Advanced,True
81527,5435,7015,Advanced,False
81528,5435,7013,Intermediate,False
81529,5436,7019,Advanced,True
81530,5436,7016,Advanced,False
81531,5436,7026,Advanced,False
81532,5437,7017,Beginner,True
81533,5437,7029,Intermediate,False
81534,5438,7020,Expert,True
81535,5438,7018,Advanced,False
81536,5438,7031,Beginner,False
81537,5438,7009,Intermediate,False
81538,5438,7029,Advanced,False
81539,5439,7019,Advanced,True
81540,5439,7011,Advanced,False
81541,5439,7004,Beginner,False
81542,5439,7003,Intermediate,False
81543,5439,7028,Beginner,False
81544,5440,7006,Advanced,True
81545,5440,7011,Intermediate,False
81546,5440,7009,Beginner,False
81547,5440,7018,Advanced,False
81548,5441,7002,Intermediate,True
81549,5441,7009,Intermediate,False
81550,5442,7017,Intermediate,True
81551,5442,7011,Advanced,False
81552,5442,7020,Advanced,False
81553,5442,7026,Intermediate,False
81554,5443,7018,Expert,True
81555,5443,7008,Intermediate,False
81556,5443,7012,Intermediate,False
81557,5444,7017,Advanced,True
81558,5444,7019,Beginner,False
81559,5444,7021,Advanced,False
81560,5444,7026,Intermediate,False
81561,5444,7001,Advanced,False
81562,5445,7019,Advanced,True
81563,5445,7031,Intermediate,False
81564,5445,7016,Advanced,False
81565,5445,7014,Intermediate,False
81566,5446,7017,Advanced,True
81567,5446,7020,Intermediate,False
81568,5446,7025,Intermediate,False
81569,5447,7017,Intermediate,True
81570,5447,7015,Intermediate,False
81571,5447,7021,Intermediate,False
81572,5447,7028,Intermediate,False
81573,5448,7018,Advanced,True
81574,5448,7019,Intermediate,False
81575,5448,7027,Intermediate,False
81576,5449,7017,Advanced,True
81577,5449,7026,Intermediate,False
81578,5449,7029,Beginner,False
81579,5450,7017,Expert,True
81580,5450,7018,Intermediate,False
81581,5450,7026,Intermediate,False
81582,5451,7002,Advanced,True
81583,5451,7019,Intermediate,False
81584,5451,7016,Advanced,False
81585,5452,7017,Expert,True
81586,5452,7007,Advanced,False
81587,5452,7018,Expert,False
81588,5453,7018,Advanced,True
81589,5453,7010,Beginner,False
81590,5453,7025,Intermediate,False
81591,5454,7018,Intermediate,True
81592,5454,7014,Intermediate,False
81593,5454,7002,Intermediate,False
81594,5454,7027,Intermediate,False
81595,5454,7026,Advanced,False
81596,5455,7018,Expert,True
81597,5455,7012,Beginner,False
81598,5455,7006,Advanced,False
81599,5456,7002,Advanced,True
81600,5456,7022,Expert,False
81601,5456,7020,Intermediate,False
81602,5456,7026,Expert,False
81603,5457,7019,Advanced,True
81604,5457,7026,Beginner,False
81605,5457,7008,Intermediate,False
81606,5458,7019,Advanced,True
81607,5458,7018,Intermediate,False
81608,5458,7030,Expert,False
81609,5458,7024,Intermediate,False
81610,5458,7026,Expert,False
81611,5459,7019,Expert,True
81612,5459,7002,Intermediate,False
81613,5459,7027,Advanced,False
81614,5459,7017,Advanced,False
81615,5459,7020,Advanced,False
81616,5460,7018,Advanced,True
81617,5460,7001,Beginner,False
81618,5460,7031,Intermediate,False
81619,5461,7018,Expert,True
81620,5461,7024,Intermediate,False
81621,5462,7018,Advanced,True
81622,5462,7030,Beginner,False
81623,5462,7012,Beginner,False
81624,5463,7019,Advanced,True
81625,5463,7029,Intermediate,False
81626,5464,7019,Expert,True
81627,5464,7012,Expert,False
81628,5464,7009,Intermediate,False
81629,5464,7014,Intermediate,False
81630,5465,7018,Intermediate,True
81631,5465,7030,Expert,False
81632,5465,7023,Beginner,False
81633,5466,7006,Expert,True
81634,5466,7015,Intermediate,False
81635,5466,7017,Beginner,False
81636,5466,7020,Intermediate,False
81637,5467,7017,Intermediate,True
81638,5467,7012,Intermediate,False
81639,5467,7023,Intermediate,False
81640,5468,7002,Expert,True
81641,5468,7019,Advanced,False
81642,5468,7001,Advanced,False
81643,5469,7006,Advanced,True
81644,5469,7008,Expert,False
81645,5469,7019,Intermediate,False
81646,5470,7019,Intermediate,True
81647,5470,7005,Beginner,False
81648,5470,7012,Intermediate,False
81649,5471,7022,Expert,True
81650,5471,7021,Beginner,False
81651,5471,7015,Advanced,False
81652,5472,7024,Expert,True
81653,5472,7001,Intermediate,False
81654,5472,7021,Intermediate,False
81655,5472,7029,Intermediate,False
81656,5472,7020,Beginner,False
81657,5473,7020,Advanced,True
81658,5473,7004,Advanced,False
81659,5473,7029,Intermediate,False
81660,5474,7023,Intermediate,True
81661,5474,7027,Advanced,False
81662,5474,7021,Intermediate,False
81663,5475,7023,Advanced,True
81664,5475,7007,Intermediate,False
81665,5475,7009,Advanced,False
81666,5476,7028,Advanced,True
81667,5476,7031,Advanced,False
81668,5476,7018,Intermediate,False
81669,5477,7005,Advanced,True
81670,5477,7019,Beginner,False
81671,5477,7017,Intermediate,False
81672,5478,7024,Beginner,True
81673,5478,7027,Advanced,False
81674,5478,7019,Advanced,False
81675,5478,7006,Intermediate,False
81676,5479,7021,Advanced,True
81677,5479,7017,Beginner,False
81678,5479,7009,Intermediate,False
81679,5479,7003,Advanced,False
81680,5480,7020,Intermediate,True
81681,5480,7014,Advanced,False
81682,5480,7024,Intermediate,False
81683,5481,7023,Advanced,True
81684,5481,7015,Expert,False
81685,5481,7008,Expert,False
81686,5481,7001,Intermediate,False
81687,5482,7020,Advanced,True
81688,5482,7021,Advanced,False
81689,5482,7004,Beginner,False
81690,5482,7030,Intermediate,False
81691,5483,7028,Advanced,True
81692,5483,7007,Intermediate,False
81693,5483,7027,Advanced,False
81694,5484,7020,Intermediate,True
81695,5484,7009,Intermediate,False
81696,5484,7007,Intermediate,False
81697,5485,7021,Advanced,True
81698,5485,7018,Advanced,False
81699,5485,7017,Advanced,False
81700,5485,7009,Advanced,False
81701,5486,7020,Intermediate,True
81702,5486,7027,Intermediate,False
81703,5487,7022,Expert,True
81704,5487,7011,Advanced,False
81705,5487,7019,Beginner,False
81706,5488,7021,Expert,True
81707,5488,7022,Intermediate,False
81708,5488,7017,Advanced,False
81709,5488,7004,Intermediate,False
81710,5489,7020,Expert,True
81711,5489,7024,Intermediate,False
81712,5489,7007,Advanced,False
81713,5489,7026,Advanced,False
81714,5490,7023,Expert,True
81715,5490,7007,Intermediate,False
81716,5491,7021,Expert,True
81717,5491,7004,Intermediate,False
81718,5491,7027,Intermediate,False
81719,5491,7030,Advanced,False
81720,5492,7021,Expert,True
81721,5492,7005,Advanced,False
81722,5493,7022,Expert,True
81723,5493,7006,Intermediate,False
81724,5493,7028,Expert,False
81725,5493,7014,Intermediate,False
81726,5494,7023,Advanced,True
81727,5494,7026,Advanced,False
81728,5494,7031,Intermediate,False
81729,5494,7014,Advanced,False
81730,5495,7021,Advanced,True
81731,5495,7028,Advanced,False
81732,5495,7009,Beginner,False
81733,5496,7020,Advanced,True
81734,5496,7008,Intermediate,False
81735,5496,7027,Intermediate,False
81736,5496,7025,Advanced,False
81737,5497,7020,Beginner,True
81738,5497,7009,Advanced,False
81739,5498,7020,Advanced,True
81740,5498,7013,Beginner,False
81741,5498,7031,Advanced,False
81742,5498,7023,Expert,False
81743,5499,7022,Expert,True
81744,5499,7028,Intermediate,False
81745,5499,7002,Intermediate,False
81746,5499,7016,Intermediate,False
81747,5500,7023,Intermediate,True
81748,5500,7025,Beginner,False
81749,5500,7003,Beginner,False
81750,5500,7017,Beginner,False
81751,5501,7028,Advanced,True
81752,5501,7023,Beginner,False
81753,5501,7010,Intermediate,False
81754,5501,7031,Advanced,False
81755,5502,7020,Expert,True
81756,5502,7007,Intermediate,False
81757,5502,7031,Intermediate,False
81758,5503,7020,Intermediate,True
81759,5503,7016,Intermediate,False
81760,5504,7021,Expert,True
81761,5504,7031,Beginner,False
81762,5504,7010,Beginner,False
81763,5505,7020,Intermediate,True
81764,5505,7015,Intermediate,False
81765,5505,7029,Intermediate,False
81766,5505,7022,Expert,False
81767,5506,7022,Expert,True
81768,5506,7012,Advanced,False
81769,5507,7020,Advanced,True
81770,5507,7021,Advanced,False
81771,5508,7020,Intermediate,True
81772,5508,7030,Beginner,False
81773,5508,7001,Beginner,False
81774,5509,7023,Intermediate,True
81775,5509,7003,Beginner,False
81776,5509,7011,Advanced,False
81777,5510,7023,Advanced,True
81778,5510,7026,Advanced,False
81779,5510,7011,Advanced,False
81780,5511,7021,Advanced,True
81781,5511,7029,Expert,False
81782,5511,7030,Beginner,False
81783,5512,7024,Expert,True
81784,5512,7028,Intermediate,False
81785,5512,7026,Advanced,False
81786,5512,7001,Intermediate,False
81787,5513,7023,Advanced,True
81788,5513,7015,Intermediate,False
81789,5513,7024,Intermediate,False
81790,5513,7008,Intermediate,False
81791,5514,7020,Advanced,True
81792,5514,7022,Intermediate,False
81793,5514,7012,Intermediate,False
81794,5515,7024,Intermediate,True
81795,5515,7012,Advanced,False
81796,5515,7007,Intermediate,False
81797,5515,7008,Intermediate,False
81798,5515,7020,Intermediate,False
81799,5516,7020,Advanced,True
81800,5516,7005,Beginner,False
81801,5516,7025,Intermediate,False
81802,5517,7023,Advanced,True
81803,5517,7014,Intermediate,False
81804,5517,7026,Beginner,False
81805,5518,7021,Advanced,True
81806,5518,7001,Advanced,False
81807,5518,7024,Advanced,False
81808,5519,7024,Advanced,True
81809,5519,7014,Advanced,False
81810,5519,7030,Intermediate,False
81811,5519,7016,Intermediate,False
81812,5520,7020,Advanced,True
81813,5520,7011,Beginner,False
81814,5520,7022,Beginner,False
81815,5520,7003,Intermediate,False
81816,5521,7021,Expert,True
81817,5521,7004,Intermediate,False
81818,5521,7020,Beginner,False
81819,5521,7016,Intermediate,False
81820,5522,7020,Advanced,True
81821,5522,7022,Intermediate,False
81822,5522,7030,Beginner,False
81823,5522,7013,Intermediate,False
81824,5522,7031,Advanced,False
81825,5523,7021,Advanced,True
81826,5523,7006,Beginner,False
81827,5523,7025,Advanced,False
81828,5524,7022,Advanced,True
81829,5524,7004,Intermediate,False
81830,5525,7024,Intermediate,True
81831,5525,7023,Intermediate,False
81832,5525,7027,Advanced,False
81833,5525,7007,Beginner,False
81834,5525,7015,Expert,False
81835,5526,7024,Intermediate,True
81836,5526,7002,Advanced,False
81837,5526,7028,Intermediate,False
81838,5526,7022,Advanced,False
81839,5527,7028,Expert,True
81840,5527,7029,Beginner,False
81841,5527,7021,Advanced,False
81842,5527,7003,Beginner,False
81843,5527,7030,Intermediate,False
81844,5528,7022,Expert,True
81845,5528,7003,Intermediate,False
81846,5528,7018,Beginner,False
81847,5528,7028,Intermediate,False
81848,5529,7020,Advanced,True
81849,5529,7029,Intermediate,False
81850,5529,7030,Intermediate,False
81851,5529,7009,Intermediate,False
81852,5530,7022,Expert,True
81853,5530,7003,Intermediate,False
81854,5530,7006,Beginner,False
81855,5531,7023,Expert,True
81856,5531,7007,Intermediate,False
81857,5531,7013,Advanced,False
81858,5531,7027,Intermediate,False
81859,5532,7020,Advanced,True
81860,5532,7022,Advanced,False
81861,5532,7001,Intermediate,False
81862,5532,7021,Beginner,False
81863,5532,7017,Intermediate,False
81864,5533,7022,Expert,True
81865,5533,7029,Intermediate,False
81866,5533,7006,Intermediate,False
81867,5534,7020,Advanced,True
81868,5534,7031,Intermediate,False
81869,5534,7005,Expert,False
81870,5535,7024,Intermediate,True
81871,5535,7025,Intermediate,False
81872,5535,7008,Beginner,False
81873,5536,7021,Advanced,True
81874,5536,7016,Beginner,False
81875,5536,7024,Beginner,False
81876,5536,7005,Beginner,False
81877,5537,7021,Advanced,True
81878,5537,7011,Intermediate,False
81879,5537,7017,Beginner,False
81880,5538,7022,Advanced,True
81881,5538,7001,Intermediate,False
81882,5538,7005,Intermediate,False
81883,5539,7021,Advanced,True
81884,5539,7022,Advanced,False
81885,5539,7016,Intermediate,False
81886,5540,7020,Advanced,True
81887,5540,7003,Intermediate,False
81888,5540,7012,Beginner,False
81889,5541,7020,Intermediate,True
81890,5541,7024,Advanced,False
81891,5541,7002,Intermediate,False
81892,5542,7020,Expert,True
81893,5542,7003,Intermediate,False
81894,5542,7002,Intermediate,False
81895,5543,7021,Advanced,True
81896,5543,7027,Intermediate,False
81897,5543,7030,Beginner,False
81898,5544,7020,Expert,True
81899,5544,7018,Beginner,False
81900,5544,7015,Intermediate,False
81901,5544,7004,Advanced,False
81902,5545,7022,Advanced,True
81903,5545,7031,Intermediate,False
81904,5545,7018,Beginner,False
81905,5546,7020,Advanced,True
81906,5546,7005,Beginner,False
81907,5546,7021,Expert,False
81908,5546,7017,Advanced,False
81909,5546,7011,Beginner,False
81910,5547,7023,Expert,True
81911,5547,7007,Intermediate,False
81912,5548,7022,Expert,True
81913,5548,7024,Intermediate,False
81914,5548,7021,Expert,False
81915,5549,7024,Intermediate,True
81916,5549,7028,Beginner,False
81917,5549,7025,Intermediate,False
81918,5550,7023,Expert,True
81919,5550,7019,Intermediate,False
81920,5550,7007,Intermediate,False
81921,5551,7021,Advanced,True
81922,5551,7007,Intermediate,False
81923,5552,7022,Advanced,True
81924,5552,7029,Beginner,False
81925,5552,7030,Intermediate,False
81926,5552,7027,Advanced,False
81927,5553,7020,Advanced,True
81928,5553,7029,Beginner,False
81929,5553,7002,Intermediate,False
81930,5553,7017,Intermediate,False
81931,5553,7005,Intermediate,False
81932,5554,7020,Expert,True
81933,5554,7031,Intermediate,False
81934,5555,7028,Advanced,True
81935,5555,7017,Expert,False
81936,5555,7013,Intermediate,False
81937,5555,7030,Intermediate,False
81938,5555,7031,Intermediate,False
81939,5556,7024,Advanced,True
81940,5556,7009,Beginner,False
81941,5556,7003,Intermediate,False
81942,5557,7021,Advanced,True
81943,5557,7009,Advanced,False
81944,5557,7026,Intermediate,False
81945,5557,7010,Beginner,False
81946,5558,7020,Expert,True
81947,5558,7005,Intermediate,False
81948,5558,7010,Intermediate,False
81949,5558,7017,Intermediate,False
81950,5558,7012,Intermediate,False
81951,5559,7024,Advanced,True
81952,5559,7021,Advanced,False
81953,5560,7020,Advanced,True
81954,5560,7021,Advanced,False
81955,5560,7009,Beginner,False
81956,5561,7020,Expert,True
81957,5561,7026,Intermediate,False
81958,5561,7029,Expert,False
81959,5561,7012,Advanced,False
81960,5561,7017,Beginner,False
81961,5562,7023,Advanced,True
81962,5562,7031,Beginner,False
81963,5562,7022,Advanced,False
81964,5563,7020,Intermediate,True
81965,5563,7008,Intermediate,False
81966,5563,7009,Intermediate,False
81967,5563,7030,Intermediate,False
81968,5564,7022,Intermediate,True
81969,5564,7006,Advanced,False
81970,5564,7026,Intermediate,False
81971,5564,7014,Intermediate,False
81972,5565,7020,Expert,True
81973,5565,7004,Intermediate,False
81974,5565,7014,Intermediate,False
81975,5566,7023,Advanced,True
81976,5566,7024,Intermediate,False
81977,5566,7005,Advanced,False
81978,5566,7012,Advanced,False
81979,5567,7022,Intermediate,True
81980,5567,7009,Intermediate,False
81981,5567,7010,Expert,False
81982,5568,7021,Expert,True
81983,5568,7015,Intermediate,False
81984,5568,7031,Intermediate,False
81985,5568,7004,Intermediate,False
81986,5569,7005,Intermediate,True
81987,5569,7021,Intermediate,False
81988,5569,7025,Intermediate,False
81989,5569,7029,Advanced,False
81990,5569,7008,Intermediate,False
81991,5570,7024,Expert,True
81992,5570,7003,Intermediate,False
81993,5571,7021,Advanced,True
81994,5571,7004,Intermediate,False
81995,5572,7024,Advanced,True
81996,5572,7014,Advanced,False
81997,5572,7017,Advanced,False
81998,5573,7022,Expert,True
81999,5573,7011,Intermediate,False
82000,5573,7005,Beginner,False
82001,5573,7002,Intermediate,False
82002,5574,7023,Advanced,True
82003,5574,7026,Beginner,False
82004,5574,7011,Beginner,False
82005,5574,7015,Advanced,False
82006,5574,7018,Intermediate,False
82007,5575,7020,Expert,True
82008,5575,7021,Intermediate,False
82009,5576,7020,Expert,True
82010,5576,7008,Advanced,False
82011,5576,7011,Advanced,False
82012,5577,7022,Advanced,True
82013,5577,7017,Beginner,False
82014,5577,7010,Beginner,False
82015,5577,7029,Beginner,False
82016,5578,7020,Expert,True
82017,5578,7002,Intermediate,False
82018,5578,7028,Intermediate,False
82019,5578,7012,Intermediate,False
82020,5579,7023,Advanced,True
82021,5579,7011,Intermediate,False
82022,5579,7007,Beginner,False
82023,5579,7017,Intermediate,False
82024,5579,7003,Intermediate,False
82025,5580,7020,Beginner,True
82026,5580,7014,Intermediate,False
82027,5580,7008,Intermediate,False
82028,5581,7005,Expert,True
82029,5581,7021,Intermediate,False
82030,5581,7031,Advanced,False
82031,5581,7007,Intermediate,False
82032,5582,7028,Advanced,True
82033,5582,7029,Advanced,False
82034,5582,7012,Intermediate,False
82035,5583,7022,Advanced,True
82036,5583,7005,Intermediate,False
82037,5583,7007,Intermediate,False
82038,5584,7024,Advanced,True
82039,5584,7026,Advanced,False
82040,5584,7025,Beginner,False
82041,5585,7024,Advanced,True
82042,5585,7011,Intermediate,False
82043,5585,7015,Advanced,False
82044,5586,7023,Advanced,True
82045,5586,7005,Expert,False
82046,5586,7018,Intermediate,False
82047,5587,7022,Expert,True
82048,5587,7021,Beginner,False
82049,5587,7020,Beginner,False
82050,5588,7020,Expert,True
82051,5588,7011,Advanced,False
82052,5588,7006,Advanced,False
82053,5588,7025,Intermediate,False
82054,5588,7002,Advanced,False
82055,5589,7020,Intermediate,True
82056,5589,7025,Intermediate,False
82057,5589,7009,Beginner,False
82058,5589,7031,Advanced,False
82059,5589,7023,Intermediate,False
82060,5590,7021,Advanced,True
82061,5590,7020,Intermediate,False
82062,5590,7031,Intermediate,False
82063,5590,7028,Expert,False
82064,5591,7009,Advanced,True
82065,5591,7003,Intermediate,False
82066,5591,7017,Intermediate,False
82067,5592,7007,Advanced,True
82068,5592,7027,Intermediate,False
82069,5592,7001,Intermediate,False
82070,5592,7014,Intermediate,False
82071,5593,7015,Advanced,True
82072,5593,7010,Beginner,False
82073,5593,7026,Intermediate,False
82074,5593,7012,Advanced,False
82075,5593,7020,Advanced,False
82076,5594,7009,Advanced,True
82077,5594,7028,Intermediate,False
82078,5594,7001,Intermediate,False
82079,5595,7009,Advanced,True
82080,5595,7016,Intermediate,False
82081,5595,7027,Advanced,False
82082,5595,7014,Intermediate,False
82083,5596,7007,Advanced,True
82084,5596,7015,Intermediate,False
82085,5596,7017,Intermediate,False
82086,5597,7007,Advanced,True
82087,5597,7031,Beginner,False
82088,5597,7028,Advanced,False
82089,5597,7003,Expert,False
82090,5597,7011,Beginner,False
82091,5598,7009,Advanced,True
82092,5598,7031,Intermediate,False
82093,5598,7021,Intermediate,False
82094,5598,7018,Advanced,False
82095,5599,7009,Advanced,True
82096,5599,7003,Intermediate,False
82097,5599,7022,Intermediate,False
82098,5599,7007,Advanced,False
82099,5599,7008,Beginner,False
82100,5600,7009,Expert,True
82101,5600,7031,Beginner,False
82102,5600,7026,Intermediate,False
82103,5600,7023,Advanced,False
82104,5601,7009,Intermediate,True
82105,5601,7028,Expert,False
82106,5601,7026,Advanced,False
82107,5601,7027,Intermediate,False
82108,5602,7009,Advanced,True
82109,5602,7019,Beginner,False
82110,5603,7014,Advanced,True
82111,5603,7017,Intermediate,False
82112,5604,7008,Expert,True
82113,5604,7029,Beginner,False
82114,5604,7030,Beginner,False
82115,5605,7014,Advanced,True
82116,5605,7019,Intermediate,False
82117,5605,7021,Beginner,False
82118,5605,7029,Intermediate,False
82119,5606,7008,Advanced,True
82120,5606,7016,Intermediate,False
82121,5606,7012,Beginner,False
82122,5607,7007,Advanced,True
82123,5607,7030,Advanced,False
82124,5607,7010,Intermediate,False
82125,5607,7001,Beginner,False
82126,5608,7007,Expert,True
82127,5608,7026,Intermediate,False
82128,5608,7030,Beginner,False
82129,5609,7015,Intermediate,True
82130,5609,7002,Intermediate,False
82131,5609,7028,Intermediate,False
82132,5609,7008,Intermediate,False
82133,5609,7009,Intermediate,False
82134,5610,7015,Advanced,True
82135,5610,7016,Intermediate,False
82136,5610,7021,Beginner,False
82137,5610,7011,Advanced,False
82138,5610,7017,Intermediate,False
82139,5611,7014,Advanced,True
82140,5611,7030,Advanced,False
82141,5611,7031,Advanced,False
82142,5611,7029,Advanced,False
82143,5612,7008,Advanced,True
82144,5612,7018,Intermediate,False
82145,5612,7030,Beginner,False
82146,5612,7003,Intermediate,False
82147,5613,7008,Expert,True
82148,5613,7017,Advanced,False
82149,5613,7003,Intermediate,False
82150,5613,7014,Intermediate,False
82151,5613,7001,Intermediate,False
82152,5614,7007,Expert,True
82153,5614,7027,Intermediate,False
82154,5614,7016,Intermediate,False
82155,5614,7009,Intermediate,False
82156,5615,7007,Advanced,True
82157,5615,7009,Intermediate,False
82158,5615,7003,Advanced,False
82159,5616,7007,Advanced,True
82160,5616,7021,Advanced,False
82161,5616,7011,Intermediate,False
82162,5617,7007,Advanced,True
82163,5617,7005,Beginner,False
82164,5617,7023,Intermediate,False
82165,5618,7009,Advanced,True
82166,5618,7007,Advanced,False
82167,5618,7031,Advanced,False
82168,5619,7016,Intermediate,True
82169,5619,7020,Advanced,False
82170,5619,7001,Intermediate,False
82171,5619,7026,Advanced,False
82172,5620,7014,Advanced,True
82173,5620,7026,Expert,False
82174,5620,7008,Advanced,False
82175,5620,7027,Intermediate,False
82176,5620,7015,Expert,False
82177,5621,7009,Expert,True
82178,5621,7025,Intermediate,False
82179,5621,7020,Expert,False
82180,5622,7009,Advanced,True
82181,5622,7002,Intermediate,False
82182,5622,7016,Intermediate,False
82183,5622,7031,Expert,False
82184,5622,7007,Advanced,False
82185,5623,7008,Advanced,True
82186,5623,7009,Intermediate,False
82187,5623,7021,Advanced,False
82188,5623,7003,Advanced,False
82189,5624,7009,Advanced,True
82190,5624,7020,Intermediate,False
82191,5624,7023,Beginner,False
82192,5625,7008,Expert,True
82193,5625,7013,Intermediate,False
82194,5625,7009,Advanced,False
82195,5626,7007,Advanced,True
82196,5626,7014,Intermediate,False
82197,5627,7008,Advanced,True
82198,5627,7005,Advanced,False
82199,5628,7008,Intermediate,True
82200,5628,7002,Advanced,False
82201,5628,7022,Intermediate,False
82202,5629,7007,Expert,True
82203,5629,7005,Intermediate,False
82204,5629,7023,Beginner,False
82205,5629,7018,Advanced,False
82206,5630,7007,Expert,True
82207,5630,7003,Advanced,False
82208,5630,7008,Intermediate,False
82209,5630,7023,Beginner,False
82210,5631,7007,Advanced,True
82211,5631,7018,Intermediate,False
82212,5632,7007,Expert,True
82213,5632,7010,Intermediate,False
82214,5632,7028,Intermediate,False
82215,5633,7015,Expert,True
82216,5633,7006,Intermediate,False
82217,5633,7021,Intermediate,False
82218,5634,7014,Intermediate,True
82219,5634,7004,Intermediate,False
82220,5634,7021,Intermediate,False
82221,5635,7007,Expert,True
82222,5635,7015,Intermediate,False
82223,5635,7021,Advanced,False
82224,5635,7001,Intermediate,False
82225,5636,7009,Expert,True
82226,5636,7001,Beginner,False
82227,5636,7011,Advanced,False
82228,5637,7008,Advanced,True
82229,5637,7014,Intermediate,False
82230,5637,7031,Intermediate,False
82231,5637,7002,Intermediate,False
82232,5637,7020,Advanced,False
82233,5638,7015,Advanced,True
82234,5638,7008,Intermediate,False
82235,5638,7021,Intermediate,False
82236,5639,7008,Advanced,True
82237,5639,7004,Advanced,False
82238,5639,7031,Expert,False
82239,5639,7002,Intermediate,False
82240,5640,7008,Expert,True
82241,5640,7024,Intermediate,False
82242,5640,7002,Beginner,False
82243,5640,7013,Intermediate,False
82244,5640,7025,Beginner,False
82245,5641,7008,Expert,True
82246,5641,7002,Intermediate,False
82247,5641,7013,Advanced,False
82248,5642,7005,Advanced,True
82249,5642,7002,Intermediate,False
82250,5642,7026,Intermediate,False
82251,5642,7031,Advanced,False
82252,5642,7012,Intermediate,False
82253,5643,7007,Advanced,True
82254,5643,7018,Intermediate,False
82255,5643,7016,Advanced,False
82256,5644,7016,Advanced,True
82257,5644,7007,Intermediate,False
82258,5644,7005,Advanced,False
82259,5644,7014,Advanced,False
82260,5644,7012,Beginner,False
82261,5645,7007,Expert,True
82262,5645,7024,Beginner,False
82263,5645,7005,Advanced,False
82264,5646,7016,Advanced,True
82265,5646,7010,Advanced,False
82266,5646,7015,Beginner,False
82267,5646,7011,Advanced,False
82268,5646,7024,Advanced,False
82269,5647,7009,Expert,True
82270,5647,7025,Intermediate,False
82271,5647,7008,Intermediate,False
82272,5647,7014,Intermediate,False
82273,5648,7008,Advanced,True
82274,5648,7004,Advanced,False
82275,5648,7026,Advanced,False
82276,5648,7017,Intermediate,False
82277,5649,7015,Beginner,True
82278,5649,7016,Intermediate,False
82279,5649,7030,Intermediate,False
82280,5650,7008,Expert,True
82281,5650,7005,Intermediate,False
82282,5650,7018,Advanced,False
82283,5651,7007,Advanced,True
82284,5651,7009,Intermediate,False
82285,5651,7020,Intermediate,False
82286,5652,7016,Expert,True
82287,5652,7011,Expert,False
82288,5652,7006,Beginner,False
82289,5653,7016,Advanced,True
82290,5653,7025,Advanced,False
82291,5653,7001,Intermediate,False
82292,5653,7012,Intermediate,False
82293,5653,7018,Beginner,False
82294,5654,7008,Intermediate,True
82295,5654,7002,Advanced,False
82296,5654,7030,Intermediate,False
82297,5655,7009,Advanced,True
82298,5655,7002,Beginner,False
82299,5656,7007,Advanced,True
82300,5656,7026,Beginner,False
82301,5656,7005,Advanced,False
82302,5656,7008,Intermediate,False
82303,5657,7007,Advanced,True
82304,5657,7028,Intermediate,False
82305,5657,7008,Advanced,False
82306,5658,7008,Advanced,True
82307,5658,7016,Advanced,False
82308,5658,7028,Advanced,False
82309,5659,7016,Advanced,True
82310,5659,7030,Intermediate,False
82311,5660,7015,Expert,True
82312,5660,7025,Advanced,False
82313,5660,7023,Intermediate,False
82314,5660,7014,Beginner,False
82315,5660,7010,Beginner,False
82316,5661,7008,Advanced,True
82317,5661,7025,Beginner,False
82318,5661,7018,Intermediate,False
82319,5662,7015,Expert,True
82320,5662,7014,Advanced,False
82321,5663,7008,Advanced,True
82322,5663,7023,Advanced,False
82323,5663,7028,Intermediate,False
82324,5663,7030,Intermediate,False
82325,5664,7009,Advanced,True
82326,5664,7002,Intermediate,False
82327,5664,7023,Intermediate,False
82328,5664,7001,Intermediate,False
82329,5664,7003,Beginner,False
82330,5665,7009,Expert,True
82331,5665,7018,Advanced,False
82332,5666,7007,Advanced,True
82333,5666,7019,Advanced,False
82334,5667,7007,Advanced,True
82335,5667,7021,Intermediate,False
82336,5667,7011,Intermediate,False
82337,5667,7022,Intermediate,False
82338,5668,7007,Advanced,True
82339,5668,7002,Intermediate,False
82340,5668,7030,Advanced,False
82341,5669,7008,Intermediate,True
82342,5669,7017,Beginner,False
82343,5669,7004,Advanced,False
82344,5670,7014,Advanced,True
82345,5670,7013,Intermediate,False
82346,5670,7006,Beginner,False
82347,5671,7016,Advanced,True
82348,5671,7010,Advanced,False
82349,5671,7024,Intermediate,False
82350,5671,7011,Advanced,False
82351,5672,7009,Advanced,True
82352,5672,7002,Intermediate,False
82353,5672,7007,Advanced,False
82354,5673,7014,Advanced,True
82355,5673,7026,Intermediate,False
82356,5674,7008,Expert,True
82357,5674,7012,Intermediate,False
82358,5674,7011,Advanced,False
82359,5674,7003,Intermediate,False
82360,5675,7015,Advanced,True
82361,5675,7012,Beginner,False
82362,5675,7002,Intermediate,False
82363,5676,7009,Beginner,True
82364,5676,7021,Advanced,False
82365,5676,7006,Advanced,False
82366,5676,7016,Beginner,False
82367,5676,7019,Advanced,False
82368,5677,7016,Intermediate,True
82369,5677,7019,Intermediate,False
82370,5677,7009,Intermediate,False
82371,5677,7022,Expert,False
82372,5678,7015,Advanced,True
82373,5678,7024,Beginner,False
82374,5678,7002,Intermediate,False
82375,5679,7008,Expert,True
82376,5679,7002,Advanced,False
82377,5679,7007,Intermediate,False
82378,5679,7009,Intermediate,False
82379,5680,7015,Advanced,True
82380,5680,7004,Intermediate,False
82381,5681,7014,Intermediate,True
82382,5681,7003,Advanced,False
82383,5681,7025,Intermediate,False
82384,5682,7007,Intermediate,True
82385,5682,7003,Intermediate,False
82386,5682,7029,Advanced,False
82387,5682,7014,Advanced,False
82388,5683,7007,Intermediate,True
82389,5683,7019,Advanced,False
82390,5683,7021,Advanced,False
82391,5683,7031,Intermediate,False
82392,5684,7009,Advanced,True
82393,5684,7006,Beginner,False
82394,5684,7012,Intermediate,False
82395,5685,7007,Advanced,True
82396,5685,7022,Intermediate,False
82397,5685,7020,Beginner,False
82398,5686,7005,Advanced,True
82399,5686,7017,Intermediate,False
82400,5686,7004,Intermediate,False
82401,5686,7031,Expert,False
82402,5687,7014,Advanced,True
82403,5687,7026,Intermediate,False
82404,5687,7019,Beginner,False
82405,5687,7024,Advanced,False
82406,5687,7015,Intermediate,False
82407,5688,7009,Advanced,True
82408,5688,7004,Advanced,False
82409,5689,7005,Advanced,True
82410,5689,7016,Advanced,False
82411,5690,7009,Advanced,True
82412,5690,7011,Intermediate,False
82413,5691,7014,Advanced,True
82414,5691,7002,Intermediate,False
82415,5691,7008,Advanced,False
82416,5691,7026,Advanced,False
82417,5692,7007,Beginner,True
82418,5692,7021,Intermediate,False
82419,5692,7012,Advanced,False
82420,5692,7029,Advanced,False
82421,5693,7009,Advanced,True
82422,5693,7022,Advanced,False
82423,5693,7002,Intermediate,False
82424,5694,7015,Advanced,True
82425,5694,7009,Intermediate,False
82426,5694,7031,Advanced,False
82427,5694,7014,Beginner,False
82428,5694,7012,Advanced,False
82429,5695,7007,Expert,True
82430,5695,7015,Intermediate,False
82431,5695,7009,Intermediate,False
82432,5696,7009,Advanced,True
82433,5696,7029,Beginner,False
82434,5696,7019,Beginner,False
82435,5697,7005,Advanced,True
82436,5697,7030,Intermediate,False
82437,5697,7023,Intermediate,False
82438,5697,7003,Intermediate,False
82439,5698,7007,Advanced,True
82440,5698,7001,Advanced,False
82441,5698,7027,Intermediate,False
82442,5699,7008,Expert,True
82443,5699,7031,Advanced,False
82444,5699,7006,Advanced,False
82445,5700,7007,Beginner,True
82446,5700,7028,Intermediate,False
82447,5700,7017,Beginner,False
82448,5701,7007,Advanced,True
82449,5701,7004,Intermediate,False
82450,5701,7024,Beginner,False
82451,5701,7001,Intermediate,False
82452,5701,7015,Beginner,False
82453,5702,7008,Beginner,True
82454,5702,7002,Intermediate,False
82455,5702,7010,Intermediate,False
82456,5702,7022,Advanced,False
82457,5703,7008,Advanced,True
82458,5703,7010,Intermediate,False
82459,5703,7021,Intermediate,False
82460,5703,7026,Intermediate,False
82461,5704,7007,Advanced,True
82462,5704,7025,Intermediate,False
82463,5704,7001,Beginner,False
82464,5705,7015,Advanced,True
82465,5705,7026,Advanced,False
82466,5705,7011,Intermediate,False
82467,5705,7006,Expert,False
82468,5706,7014,Intermediate,True
82469,5706,7031,Advanced,False
82470,5706,7017,Expert,False
82471,5706,7001,Beginner,False
82472,5707,7015,Expert,True
82473,5707,7005,Intermediate,False
82474,5707,7017,Advanced,False
82475,5708,7007,Advanced,True
82476,5708,7013,Intermediate,False
82477,5708,7012,Intermediate,False
82478,5709,7007,Advanced,True
82479,5709,7011,Intermediate,False
82480,5709,7026,Intermediate,False
82481,5709,7024,Intermediate,False
82482,5710,7015,Advanced,True
82483,5710,7005,Beginner,False
82484,5710,7022,Intermediate,False
82485,5710,7028,Intermediate,False
82486,5711,7014,Expert,True
82487,5711,7015,Intermediate,False
82488,5711,7019,Beginner,False
82489,5712,7015,Expert,True
82490,5712,7026,Intermediate,False
82491,5712,7023,Intermediate,False
82492,5712,7010,Expert,False
82493,5713,7016,Expert,True
82494,5713,7005,Beginner,False
82495,5713,7031,Intermediate,False
82496,5714,7009,Advanced,True
82497,5714,7004,Advanced,False
82498,5715,7016,Advanced,True
82499,5715,7007,Intermediate,False
82500,5715,7021,Intermediate,False
82501,5716,7008,Expert,True
82502,5716,7024,Advanced,False
82503,5716,7003,Advanced,False
82504,5716,7022,Advanced,False
82505,5716,7009,Expert,False
82506,5717,7009,Expert,True
82507,5717,7017,Advanced,False
82508,5717,7025,Advanced,False
82509,5718,7007,Advanced,True
82510,5718,7030,Advanced,False
82511,5719,7007,Expert,True
82512,5719,7014,Beginner,False
82513,5719,7012,Intermediate,False
82514,5719,7028,Beginner,False
82515,5720,7007,Advanced,True
82516,5720,7029,Advanced,False
82517,5720,7001,Intermediate,False
82518,5721,7014,Expert,True
82519,5721,7030,Intermediate,False
82520,5721,7024,Beginner,False
82521,5721,7005,Intermediate,False
82522,5721,7020,Intermediate,False
82523,5722,7014,Expert,True
82524,5722,7001,Intermediate,False
82525,5723,7014,Intermediate,True
82526,5723,7013,Intermediate,False
82527,5724,7014,Expert,True
82528,5724,7022,Advanced,False
82529,5724,7025,Intermediate,False
82530,5725,7009,Advanced,True
82531,5725,7013,Intermediate,False
82532,5726,7009,Intermediate,True
82533,5726,7015,Advanced,False
82534,5726,7031,Intermediate,False
82535,5727,7009,Advanced,True
82536,5727,7026,Intermediate,False
82537,5727,7005,Beginner,False
82538,5727,7027,Advanced,False
82539,5727,7007,Intermediate,False
82540,5728,7015,Expert,True
82541,5728,7030,Advanced,False
82542,5728,7029,Intermediate,False
82543,5728,7001,Intermediate,False
82544,5729,7008,Advanced,True
82545,5729,7020,Advanced,False
82546,5729,7006,Intermediate,False
82547,5730,7007,Advanced,True
82548,5730,7003,Intermediate,False
82549,5730,7024,Intermediate,False
82550,5730,7013,Intermediate,False
82551,5730,7014,Intermediate,False
82552,5731,7009,Advanced,True
82553,5731,7008,Intermediate,False
82554,5731,7028,Intermediate,False
82555,5731,7020,Advanced,False
82556,5732,7008,Advanced,True
82557,5732,7027,Expert,False
82558,5732,7004,Intermediate,False
82559,5732,7001,Advanced,False
82560,5733,7008,Advanced,True
82561,5733,7001,Intermediate,False
82562,5733,7003,Advanced,False
82563,5734,7009,Advanced,True
82564,5734,7017,Intermediate,False
82565,5734,7016,Intermediate,False
82566,5734,7013,Intermediate,False
82567,5735,7007,Expert,True
82568,5735,7022,Beginner,False
82569,5735,7010,Intermediate,False
82570,5735,7029,Intermediate,False
82571,5736,7016,Intermediate,True
82572,5736,7010,Intermediate,False
82573,5736,7004,Advanced,False
82574,5737,7008,Expert,True
82575,5737,7020,Intermediate,False
82576,5737,7024,Intermediate,False
82577,5737,7012,Advanced,False
82578,5738,7009,Intermediate,True
82579,5738,7011,Advanced,False
82580,5738,7004,Intermediate,False
82581,5739,7016,Expert,True
82582,5739,7014,Intermediate,False
82583,5739,7012,Beginner,False
82584,5739,7026,Intermediate,False
82585,5739,7003,Advanced,False
82586,5740,7015,Intermediate,True
82587,5740,7018,Intermediate,False
82588,5740,7001,Advanced,False
82589,5740,7020,Beginner,False
82590,5740,7026,Beginner,False
82591,5741,7006,Advanced,True
82592,5741,7010,Intermediate,False
82593,5741,7013,Intermediate,False
82594,5742,7025,Intermediate,True
82595,5742,7008,Advanced,False
82596,5742,7006,Intermediate,False
82597,5743,7006,Expert,True
82598,5743,7016,Beginner,False
82599,5743,7029,Beginner,False
82600,5744,7025,Advanced,True
82601,5744,7011,Intermediate,False
82602,5744,7021,Intermediate,False
82603,5745,7026,Advanced,True
82604,5745,7031,Intermediate,False
82605,5745,7005,Advanced,False
82606,5746,7026,Advanced,True
82607,5746,7008,Advanced,False
82608,5746,7028,Intermediate,False
82609,5747,7027,Expert,True
82610,5747,7020,Beginner,False
82611,5747,7022,Advanced,False
82612,5748,7025,Advanced,True
82613,5748,7010,Beginner,False
82614,5748,7009,Intermediate,False
82615,5749,7026,Intermediate,True
82616,5749,7003,Intermediate,False
82617,5750,7025,Advanced,True
82618,5750,7009,Intermediate,False
82619,5750,7011,Intermediate,False
82620,5751,7026,Intermediate,True
82621,5751,7027,Intermediate,False
82622,5751,7004,Intermediate,False
82623,5751,7012,Beginner,False
82624,5752,7006,Advanced,True
82625,5752,7022,Intermediate,False
82626,5752,7005,Advanced,False
82627,5753,7025,Advanced,True
82628,5753,7015,Beginner,False
82629,5753,7011,Intermediate,False
82630,5754,7027,Advanced,True
82631,5754,7026,Advanced,False
82632,5754,7008,Beginner,False
82633,5755,7006,Advanced,True
82634,5755,7015,Advanced,False
82635,5755,7010,Expert,False
82636,5755,7023,Beginner,False
82637,5755,7014,Beginner,False
82638,5756,7026,Intermediate,True
82639,5756,7029,Intermediate,False
82640,5756,7020,Advanced,False
82641,5756,7006,Intermediate,False
82642,5757,7025,Advanced,True
82643,5757,7022,Intermediate,False
82644,5757,7029,Beginner,False
82645,5757,7013,Advanced,False
82646,5758,7026,Advanced,True
82647,5758,7018,Intermediate,False
82648,5759,7026,Advanced,True
82649,5759,7028,Beginner,False
82650,5759,7025,Intermediate,False
82651,5760,7025,Advanced,True
82652,5760,7019,Intermediate,False
82653,5760,7027,Beginner,False
82654,5761,7006,Intermediate,True
82655,5761,7027,Advanced,False
82656,5761,7016,Intermediate,False
82657,5762,7026,Advanced,True
82658,5762,7013,Advanced,False
82659,5762,7021,Advanced,False
82660,5763,7005,Intermediate,True
82661,5763,7017,Intermediate,False
82662,5763,7013,Beginner,False
82663,5763,7026,Expert,False
82664,5764,7027,Advanced,True
82665,5764,7011,Intermediate,False
82666,5764,7015,Intermediate,False
82667,5764,7022,Intermediate,False
82668,5764,7006,Intermediate,False
82669,5765,7006,Expert,True
82670,5765,7022,Intermediate,False
82671,5765,7030,Beginner,False
82672,5765,7027,Intermediate,False
82673,5766,7025,Expert,True
82674,5766,7015,Intermediate,False
82675,5766,7016,Advanced,False
82676,5767,7026,Advanced,True
82677,5767,7023,Advanced,False
82678,5767,7031,Advanced,False
82679,5768,7025,Intermediate,True
82680,5768,7018,Intermediate,False
82681,5768,7011,Beginner,False
82682,5768,7031,Intermediate,False
82683,5769,7006,Expert,True
82684,5769,7004,Intermediate,False
82685,5769,7013,Beginner,False
82686,5769,7018,Intermediate,False
82687,5770,7027,Expert,True
82688,5770,7018,Intermediate,False
82689,5770,7008,Intermediate,False
82690,5771,7026,Expert,True
82691,5771,7016,Beginner,False
82692,5771,7011,Intermediate,False
82693,5771,7014,Intermediate,False
82694,5772,7026,Advanced,True
82695,5772,7022,Intermediate,False
82696,5772,7014,Intermediate,False
82697,5773,7025,Advanced,True
82698,5773,7029,Beginner,False
82699,5774,7026,Advanced,True
82700,5774,7006,Intermediate,False
82701,5774,7002,Intermediate,False
82702,5774,7022,Intermediate,False
82703,5774,7015,Beginner,False
82704,5775,7027,Advanced,True
82705,5775,7010,Expert,False
82706,5775,7017,Beginner,False
82707,5776,7007,Expert,True
82708,5776,7014,Beginner,False
82709,5776,7003,Intermediate,False
82710,5776,7011,Advanced,False
82711,5777,7025,Advanced,True
82712,5777,7005,Advanced,False
82713,5777,7017,Advanced,False
82714,5778,7007,Advanced,True
82715,5778,7016,Advanced,False
82716,5778,7012,Intermediate,False
82717,5778,7010,Advanced,False
82718,5778,7023,Intermediate,False
82719,5779,7027,Advanced,True
82720,5779,7019,Intermediate,False
82721,5779,7023,Intermediate,False
82722,5779,7009,Intermediate,False
82723,5780,7006,Intermediate,True
82724,5780,7031,Advanced,False
82725,5780,7013,Intermediate,False
82726,5781,7025,Intermediate,True
82727,5781,7023,Advanced,False
82728,5781,7013,Intermediate,False
82729,5781,7019,Intermediate,False
82730,5782,7007,Advanced,True
82731,5782,7019,Beginner,False
82732,5782,7025,Intermediate,False
82733,5783,7007,Advanced,True
82734,5783,7022,Intermediate,False
82735,5783,7012,Intermediate,False
82736,5783,7025,Intermediate,False
82737,5784,7025,Expert,True
82738,5784,7022,Intermediate,False
82739,5784,7018,Intermediate,False
82740,5785,7005,Expert,True
82741,5785,7001,Intermediate,False
82742,5785,7013,Intermediate,False
82743,5785,7010,Advanced,False
82744,5786,7025,Intermediate,True
82745,5786,7006,Intermediate,False
82746,5786,7030,Intermediate,False
82747,5787,7027,Intermediate,True
82748,5787,7003,Intermediate,False
82749,5787,7024,Intermediate,False
82750,5788,7006,Advanced,True
82751,5788,7029,Advanced,False
82752,5788,7031,Beginner,False
82753,5788,7001,Advanced,False
82754,5789,7027,Expert,True
82755,5789,7015,Beginner,False
82756,5789,7014,Intermediate,False
82757,5790,7025,Advanced,True
82758,5790,7005,Expert,False
82759,5790,7021,Advanced,False
82760,5790,7023,Intermediate,False
82761,5791,7006,Advanced,True
82762,5791,7024,Advanced,False
82763,5792,7006,Advanced,True
82764,5792,7021,Intermediate,False
82765,5792,7031,Intermediate,False
82766,5793,7025,Expert,True
82767,5793,7004,Advanced,False
82768,5793,7023,Beginner,False
82769,5794,7025,Expert,True
82770,5794,7009,Advanced,False
82771,5794,7007,Intermediate,False
82772,5795,7025,Advanced,True
82773,5795,7006,Advanced,False
82774,5795,7013,Advanced,False
82775,5795,7030,Intermediate,False
82776,5796,7027,Advanced,True
82777,5796,7013,Intermediate,False
82778,5796,7021,Beginner,False
82779,5797,7025,Expert,True
82780,5797,7026,Intermediate,False
82781,5797,7003,Advanced,False
82782,5798,7026,Advanced,True
82783,5798,7017,Intermediate,False
82784,5798,7019,Intermediate,False
82785,5798,7008,Advanced,False
82786,5799,7027,Advanced,True
82787,5799,7008,Intermediate,False
82788,5799,7029,Beginner,False
82789,5800,7025,Advanced,True
82790,5800,7017,Advanced,False
82791,5800,7026,Advanced,False
82792,5801,7007,Intermediate,True
82793,5801,7018,Intermediate,False
82794,5801,7030,Beginner,False
82795,5802,7006,Expert,True
82796,5802,7010,Intermediate,False
82797,5802,7011,Beginner,False
82798,5803,7027,Beginner,True
82799,5803,7030,Advanced,False
82800,5803,7011,Intermediate,False
82801,5804,7026,Expert,True
82802,5804,7004,Advanced,False
82803,5804,7018,Intermediate,False
82804,5805,7026,Expert,True
82805,5805,7031,Advanced,False
82806,5805,7019,Advanced,False
82807,5806,7006,Advanced,True
82808,5806,7003,Intermediate,False
82809,5806,7022,Intermediate,False
82810,5807,7025,Advanced,True
82811,5807,7006,Intermediate,False
82812,5807,7004,Advanced,False
82813,5808,7005,Advanced,True
82814,5808,7026,Intermediate,False
82815,5808,7013,Advanced,False
82816,5808,7017,Intermediate,False
82817,5808,7015,Intermediate,False
82818,5809,7025,Expert,True
82819,5809,7013,Intermediate,False
82820,5809,7001,Intermediate,False
82821,5809,7027,Advanced,False
82822,5810,7006,Intermediate,True
82823,5810,7030,Intermediate,False
82824,5810,7007,Intermediate,False
82825,5810,7015,Intermediate,False
82826,5810,7008,Intermediate,False
82827,5811,7027,Intermediate,True
82828,5811,7009,Intermediate,False
82829,5811,7024,Intermediate,False
82830,5811,7019,Intermediate,False
82831,5812,7025,Advanced,True
82832,5812,7018,Intermediate,False
82833,5812,7014,Advanced,False
82834,5812,7008,Beginner,False
82835,5813,7005,Advanced,True
82836,5813,7002,Advanced,False
82837,5813,7017,Expert,False
82838,5813,7024,Intermediate,False
82839,5814,7026,Advanced,True
82840,5814,7019,Intermediate,False
82841,5814,7001,Intermediate,False
82842,5815,7027,Advanced,True
82843,5815,7016,Intermediate,False
82844,5815,7003,Intermediate,False
82845,5816,7027,Expert,True
82846,5816,7023,Intermediate,False
82847,5817,7026,Advanced,True
82848,5817,7014,Intermediate,False
82849,5817,7001,Advanced,False
82850,5817,7006,Intermediate,False
82851,5817,7023,Intermediate,False
82852,5818,7027,Expert,True
82853,5818,7023,Intermediate,False
82854,5818,7005,Intermediate,False
82855,5819,7026,Advanced,True
82856,5819,7005,Intermediate,False
82857,5819,7020,Intermediate,False
82858,5820,7025,Expert,True
82859,5820,7023,Advanced,False
82860,5820,7011,Intermediate,False
82861,5821,7025,Advanced,True
82862,5821,7014,Advanced,False
82863,5821,7019,Intermediate,False
82864,5821,7018,Intermediate,False
82865,5821,7024,Advanced,False
82866,5822,7006,Expert,True
82867,5822,7008,Advanced,False
82868,5822,7009,Intermediate,False
82869,5823,7026,Expert,True
82870,5823,7023,Intermediate,False
82871,5823,7012,Expert,False
82872,5823,7025,Intermediate,False
82873,5824,7006,Advanced,True
82874,5824,7023,Intermediate,False
82875,5824,7004,Advanced,False
82876,5824,7025,Intermediate,False
82877,5824,7028,Intermediate,False
82878,5825,7026,Intermediate,True
82879,5825,7009,Intermediate,False
82880,5825,7016,Intermediate,False
82881,5825,7022,Advanced,False
82882,5826,7025,Advanced,True
82883,5826,7009,Advanced,False
82884,5826,7022,Intermediate,False
82885,5827,7007,Advanced,True
82886,5827,7020,Expert,False
82887,5828,7027,Advanced,True
82888,5828,7018,Beginner,False
82889,5828,7017,Intermediate,False
82890,5829,7025,Intermediate,True
82891,5829,7031,Beginner,False
82892,5829,7008,Advanced,False
82893,5830,7026,Expert,True
82894,5830,7012,Intermediate,False
82895,5830,7028,Intermediate,False
82896,5830,7007,Intermediate,False
82897,5831,7026,Advanced,True
82898,5831,7016,Intermediate,False
82899,5831,7023,Advanced,False
82900,5832,7027,Expert,True
82901,5832,7023,Intermediate,False
82902,5832,7006,Advanced,False
82903,5833,7007,Expert,True
82904,5833,7023,Intermediate,False
82905,5833,7013,Intermediate,False
82906,5834,7025,Expert,True
82907,5834,7002,Intermediate,False
82908,5834,7020,Intermediate,False
82909,5835,7005,Advanced,True
82910,5835,7019,Advanced,False
82911,5835,7012,Advanced,False
82912,5836,7006,Advanced,True
82913,5836,7015,Intermediate,False
82914,5837,7007,Advanced,True
82915,5837,7029,Intermediate,False
82916,5837,7024,Intermediate,False
82917,5837,7009,Advanced,False
82918,5837,7016,Intermediate,False
82919,5838,7007,Advanced,True
82920,5838,7016,Advanced,False
82921,5838,7001,Intermediate,False
82922,5838,7024,Intermediate,False
82923,5839,7027,Advanced,True
82924,5839,7006,Advanced,False
82925,5839,7023,Intermediate,False
82926,5840,7005,Intermediate,True
82927,5840,7007,Intermediate,False
82928,5840,7019,Intermediate,False
82929,5840,7009,Advanced,False
82930,5840,7027,Advanced,False
82931,5841,7005,Advanced,True
82932,5841,7011,Intermediate,False
82933,5841,7017,Beginner,False
82934,5841,7008,Intermediate,False
82935,5841,7025,Beginner,False
82936,5842,7006,Advanced,True
82937,5842,7023,Intermediate,False
82938,5842,7009,Advanced,False
82939,5842,7016,Intermediate,False
82940,5843,7026,Expert,True
82941,5843,7029,Intermediate,False
82942,5843,7017,Intermediate,False
82943,5843,7007,Beginner,False
82944,5843,7002,Intermediate,False
82945,5844,7006,Advanced,True
82946,5844,7016,Intermediate,False
82947,5844,7010,Intermediate,False
82948,5844,7027,Intermediate,False
82949,5845,7026,Expert,True
82950,5845,7004,Intermediate,False
82951,5845,7003,Intermediate,False
82952,5846,7025,Intermediate,True
82953,5846,7013,Advanced,False
82954,5846,7005,Advanced,False
82955,5846,7028,Intermediate,False
82956,5846,7011,Beginner,False
82957,5847,7026,Advanced,True
82958,5847,7023,Beginner,False
82959,5847,7011,Expert,False
82960,5848,7026,Expert,True
82961,5848,7015,Beginner,False
82962,5848,7005,Intermediate,False
82963,5848,7001,Intermediate,False
82964,5849,7006,Expert,True
82965,5849,7002,Intermediate,False
82966,5849,7027,Intermediate,False
82967,5850,7025,Expert,True
82968,5850,7026,Intermediate,False
82969,5850,7011,Advanced,False
82970,5851,7026,Advanced,True
82971,5851,7028,Intermediate,False
82972,5851,7006,Advanced,False
82973,5851,7012,Intermediate,False
82974,5851,7029,Advanced,False
82975,5852,7005,Expert,True
82976,5852,7004,Advanced,False
82977,5853,7025,Intermediate,True
82978,5853,7001,Beginner,False
82979,5853,7017,Intermediate,False
82980,5853,7026,Advanced,False
82981,5854,7025,Advanced,True
82982,5854,7029,Intermediate,False
82983,5854,7022,Advanced,False
82984,5854,7020,Intermediate,False
82985,5855,7025,Expert,True
82986,5855,7007,Intermediate,False
82987,5855,7022,Intermediate,False
82988,5856,7005,Advanced,True
82989,5856,7025,Intermediate,False
82990,5856,7014,Advanced,False
82991,5856,7002,Intermediate,False
82992,5857,7026,Advanced,True
82993,5857,7009,Advanced,False
82994,5857,7025,Beginner,False
82995,5857,7030,Intermediate,False
82996,5858,7027,Intermediate,True
82997,5858,7022,Beginner,False
82998,5858,7015,Advanced,False
82999,5858,7001,Beginner,False
83000,5859,7007,Advanced,True
83001,5859,7014,Intermediate,False
83002,5860,7005,Expert,True
83003,5860,7029,Beginner,False
83004,5860,7018,Intermediate,False
83005,5861,7005,Advanced,True
83006,5861,7007,Expert,False
83007,5861,7018,Intermediate,False
83008,5862,7028,Advanced,True
83009,5862,7026,Beginner,False
83010,5862,7027,Intermediate,False
83011,5863,7021,Expert,True
83012,5863,7018,Advanced,False
83013,5863,7020,Intermediate,False
83014,5864,7020,Expert,True
83015,5864,7004,Intermediate,False
83016,5864,7001,Advanced,False
83017,5865,7029,Advanced,True
83018,5865,7013,Advanced,False
83019,5865,7015,Intermediate,False
83020,5865,7030,Intermediate,False
83021,5866,7028,Expert,True
83022,5866,7027,Intermediate,False
83023,5866,7020,Beginner,False
83024,5866,7022,Intermediate,False
83025,5867,7028,Expert,True
83026,5867,7020,Beginner,False
83027,5867,7026,Intermediate,False
83028,5868,7020,Advanced,True
83029,5868,7008,Advanced,False
83030,5868,7002,Intermediate,False
83031,5869,7029,Advanced,True
83032,5869,7016,Beginner,False
83033,5869,7004,Intermediate,False
83034,5870,7021,Advanced,True
83035,5870,7007,Advanced,False
83036,5870,7030,Advanced,False
83037,5870,7001,Intermediate,False
83038,5870,7004,Beginner,False
83039,5871,7021,Advanced,True
83040,5871,7004,Intermediate,False
83041,5871,7020,Expert,False
83042,5871,7025,Beginner,False
83043,5872,7028,Advanced,True
83044,5872,7005,Beginner,False
83045,5872,7014,Intermediate,False
83046,5873,7029,Intermediate,True
83047,5873,7021,Advanced,False
83048,5873,7027,Advanced,False
83049,5873,7013,Intermediate,False
83050,5874,7028,Expert,True
83051,5874,7023,Intermediate,False
83052,5874,7029,Intermediate,False
83053,5874,7002,Beginner,False
83054,5875,7005,Advanced,True
83055,5875,7025,Intermediate,False
83056,5875,7014,Advanced,False
83057,5876,7020,Intermediate,True
83058,5876,7005,Intermediate,False
83059,5876,7018,Intermediate,False
83060,5877,7021,Advanced,True
83061,5877,7024,Intermediate,False
83062,5877,7014,Beginner,False
83063,5877,7016,Expert,False
83064,5878,7029,Expert,True
83065,5878,7013,Intermediate,False
83066,5878,7010,Beginner,False
83067,5879,7005,Advanced,True
83068,5879,7004,Intermediate,False
83069,5880,7028,Expert,True
83070,5880,7016,Beginner,False
83071,5880,7021,Intermediate,False
83072,5880,7020,Beginner,False
83073,5881,7024,Advanced,True
83074,5881,7003,Intermediate,False
83075,5881,7009,Intermediate,False
83076,5881,7025,Advanced,False
83077,5881,7001,Beginner,False
83078,5882,7024,Intermediate,True
83079,5882,7030,Advanced,False
83080,5882,7009,Advanced,False
83081,5883,7028,Expert,True
83082,5883,7018,Beginner,False
83083,5883,7004,Beginner,False
83084,5884,7029,Advanced,True
83085,5884,7017,Intermediate,False
83086,5885,7029,Advanced,True
83087,5885,7014,Beginner,False
83088,5885,7022,Expert,False
83089,5885,7016,Advanced,False
83090,5886,7029,Expert,True
83091,5886,7020,Intermediate,False
83092,5886,7009,Intermediate,False
83093,5887,7029,Expert,True
83094,5887,7019,Advanced,False
83095,5887,7027,Intermediate,False
83096,5888,7028,Expert,True
83097,5888,7016,Intermediate,False
83098,5888,7027,Advanced,False
83099,5888,7008,Expert,False
83100,5888,7003,Intermediate,False
83101,5889,7020,Expert,True
83102,5889,7004,Advanced,False
83103,5889,7026,Intermediate,False
83104,5889,7022,Intermediate,False
83105,5890,7020,Beginner,True
83106,5890,7008,Advanced,False
83107,5890,7021,Intermediate,False
83108,5891,7020,Advanced,True
83109,5891,7010,Expert,False
83110,5891,7018,Advanced,False
83111,5892,7029,Advanced,True
83112,5892,7015,Advanced,False
83113,5892,7009,Intermediate,False
83114,5892,7016,Intermediate,False
83115,5893,7020,Advanced,True
83116,5893,7005,Intermediate,False
83117,5893,7015,Advanced,False
83118,5893,7023,Intermediate,False
83119,5894,7021,Expert,True
83120,5894,7029,Advanced,False
83121,5894,7008,Intermediate,False
83122,5894,7017,Intermediate,False
83123,5895,7005,Advanced,True
83124,5895,7017,Advanced,False
83125,5895,7022,Intermediate,False
83126,5895,7023,Intermediate,False
83127,5896,7020,Advanced,True
83128,5896,7006,Beginner,False
83129,5896,7031,Intermediate,False
83130,5897,7005,Advanced,True
83131,5897,7018,Expert,False
83132,5897,7008,Intermediate,False
83133,5898,7021,Advanced,True
83134,5898,7019,Advanced,False
83135,5898,7017,Intermediate,False
83136,5899,7021,Advanced,True
83137,5899,7007,Intermediate,False
83138,5899,7022,Advanced,False
83139,5900,7021,Advanced,True
83140,5900,7007,Advanced,False
83141,5900,7008,Expert,False
83142,5900,7016,Intermediate,False
83143,5901,7029,Advanced,True
83144,5901,7021,Intermediate,False
83145,5901,7017,Advanced,False
83146,5901,7009,Intermediate,False
83147,5901,7007,Advanced,False
83148,5902,7029,Advanced,True
83149,5902,7011,Beginner,False
83150,5902,7030,Beginner,False
83151,5903,7028,Advanced,True
83152,5903,7006,Intermediate,False
83153,5903,7031,Intermediate,False
83154,5904,7020,Intermediate,True
83155,5904,7016,Beginner,False
83156,5904,7019,Advanced,False
83157,5905,7005,Advanced,True
83158,5905,7027,Intermediate,False
83159,5905,7004,Intermediate,False
83160,5905,7024,Advanced,False
83161,5906,7028,Advanced,True
83162,5906,7026,Expert,False
83163,5906,7030,Intermediate,False
83164,5906,7025,Intermediate,False
83165,5906,7006,Advanced,False
83166,5907,7028,Advanced,True
83167,5907,7004,Advanced,False
83168,5907,7029,Expert,False
83169,5908,7028,Advanced,True
83170,5908,7017,Beginner,False
83171,5908,7025,Intermediate,False
83172,5909,7028,Advanced,True
83173,5909,7026,Expert,False
83174,5909,7011,Intermediate,False
83175,5909,7010,Intermediate,False
83176,5910,7029,Expert,True
83177,5910,7015,Intermediate,False
83178,5910,7030,Intermediate,False
83179,5911,7021,Advanced,True
83180,5911,7025,Intermediate,False
83181,5911,7004,Advanced,False
83182,5912,7028,Intermediate,True
83183,5912,7021,Advanced,False
83184,5912,7019,Expert,False
83185,5913,7028,Expert,True
83186,5913,7024,Advanced,False
83187,5913,7005,Intermediate,False
83188,5914,7029,Advanced,True
83189,5914,7025,Advanced,False
83190,5914,7026,Advanced,False
83191,5915,7020,Advanced,True
83192,5915,7003,Beginner,False
83193,5915,7011,Intermediate,False
83194,5915,7004,Intermediate,False
83195,5916,7029,Advanced,True
83196,5916,7001,Beginner,False
83197,5916,7028,Intermediate,False
83198,5916,7014,Advanced,False
83199,5916,7011,Beginner,False
83200,5917,7020,Advanced,True
83201,5917,7022,Intermediate,False
83202,5918,7005,Advanced,True
83203,5918,7016,Advanced,False
83204,5919,7005,Advanced,True
83205,5919,7002,Intermediate,False
83206,5919,7018,Intermediate,False
83207,5919,7011,Intermediate,False
83208,5919,7006,Advanced,False
83209,5920,7005,Advanced,True
83210,5920,7014,Advanced,False
83211,5920,7018,Expert,False
83212,5921,7028,Expert,True
83213,5921,7015,Intermediate,False
83214,5921,7005,Intermediate,False
83215,5921,7023,Advanced,False
83216,5922,7021,Expert,True
83217,5922,7016,Beginner,False
83218,5922,7023,Intermediate,False
83219,5923,7020,Intermediate,True
83220,5923,7005,Advanced,False
83221,5923,7007,Intermediate,False
83222,5924,7005,Advanced,True
83223,5924,7010,Beginner,False
83224,5924,7009,Intermediate,False
83225,5925,7028,Expert,True
83226,5925,7019,Intermediate,False
83227,5925,7010,Intermediate,False
83228,5926,7029,Advanced,True
83229,5926,7017,Advanced,False
83230,5926,7021,Intermediate,False
83231,5927,7028,Advanced,True
83232,5927,7014,Beginner,False
83233,5927,7020,Expert,False
83234,5927,7018,Intermediate,False
83235,5928,7028,Expert,True
83236,5928,7029,Intermediate,False
83237,5928,7025,Advanced,False
83238,5929,7024,Intermediate,True
83239,5929,7016,Intermediate,False
83240,5929,7012,Intermediate,False
83241,5930,7005,Expert,True
83242,5930,7016,Advanced,False
83243,5930,7008,Advanced,False
83244,5930,7015,Beginner,False
83245,5930,7001,Beginner,False
83246,5931,7007,Expert,True
83247,5931,7030,Advanced,False
83248,5932,7007,Expert,True
83249,5932,7029,Beginner,False
83250,5932,7005,Intermediate,False
83251,5933,7031,Intermediate,True
83252,5933,7020,Beginner,False
83253,5933,7013,Intermediate,False
83254,5934,7030,Expert,True
83255,5934,7019,Advanced,False
83256,5934,7015,Advanced,False
83257,5935,7031,Advanced,True
83258,5935,7003,Intermediate,False
83259,5936,7007,Advanced,True
83260,5936,7010,Advanced,False
83261,5936,7030,Advanced,False
83262,5937,7007,Intermediate,True
83263,5937,7022,Intermediate,False
83264,5937,7024,Intermediate,False
83265,5937,7026,Intermediate,False
83266,5937,7016,Intermediate,False
83267,5938,7031,Advanced,True
83268,5938,7010,Intermediate,False
83269,5938,7024,Intermediate,False
83270,5939,7030,Advanced,True
83271,5939,7018,Intermediate,False
83272,5939,7011,Intermediate,False
83273,5940,7030,Advanced,True
83274,5940,7013,Intermediate,False
83275,5940,7017,Advanced,False
83276,5941,7030,Intermediate,True
83277,5941,7031,Advanced,False
83278,5941,7014,Intermediate,False
83279,5941,7026,Intermediate,False
83280,5942,7020,Expert,True
83281,5942,7018,Intermediate,False
83282,5942,7008,Beginner,False
83283,5943,7030,Expert,True
83284,5943,7015,Intermediate,False
83285,5943,7031,Intermediate,False
83286,5944,7030,Advanced,True
83287,5944,7014,Advanced,False
83288,5944,7009,Beginner,False
83289,5944,7019,Advanced,False
83290,5945,7020,Advanced,True
83291,5945,7031,Intermediate,False
83292,5945,7022,Intermediate,False
83293,5945,7002,Beginner,False
83294,5946,7030,Expert,True
83295,5946,7020,Intermediate,False
83296,5946,7029,Advanced,False
83297,5946,7005,Intermediate,False
83298,5946,7006,Beginner,False
83299,5947,7030,Advanced,True
83300,5947,7029,Beginner,False
83301,5947,7026,Intermediate,False
83302,5948,7031,Advanced,True
83303,5948,7029,Advanced,False
83304,5948,7011,Advanced,False
83305,5949,7030,Advanced,True
83306,5949,7018,Beginner,False
83307,5949,7023,Advanced,False
83308,5949,7029,Intermediate,False
83309,5949,7004,Advanced,False
83310,5950,7006,Advanced,True
83311,5950,7004,Intermediate,False
83312,5950,7017,Intermediate,False
83313,5950,7030,Intermediate,False
83314,5951,7031,Intermediate,True
83315,5951,7018,Advanced,False
83316,5951,7020,Intermediate,False
83317,5952,7006,Expert,True
83318,5952,7023,Advanced,False
83319,5952,7004,Intermediate,False
83320,5953,7006,Advanced,True
83321,5953,7027,Advanced,False
83322,5953,7016,Intermediate,False
83323,5954,7020,Expert,True
83324,5954,7031,Intermediate,False
83325,5954,7015,Intermediate,False
83326,5955,7006,Intermediate,True
83327,5955,7020,Intermediate,False
83328,5955,7003,Beginner,False
83329,5956,7031,Advanced,True
83330,5956,7011,Intermediate,False
83331,5957,7006,Advanced,True
83332,5957,7031,Expert,False
83333,5957,7019,Advanced,False
83334,5957,7029,Advanced,False
83335,5958,7006,Advanced,True
83336,5958,7021,Expert,False
83337,5959,7020,Advanced,True
83338,5959,7002,Intermediate,False
83339,5959,7028,Beginner,False
83340,5960,7030,Advanced,True
83341,5960,7001,Intermediate,False
83342,5961,7007,Intermediate,True
83343,5961,7012,Intermediate,False
83344,5962,7031,Intermediate,True
83345,5962,7021,Intermediate,False
83346,5962,7015,Intermediate,False
83347,5962,7008,Intermediate,False
83348,5963,7031,Advanced,True
83349,5963,7029,Beginner,False
83350,5963,7008,Beginner,False
83351,5964,7006,Expert,True
83352,5964,7016,Advanced,False
83353,5964,7031,Beginner,False
83354,5965,7006,Beginner,True
83355,5965,7016,Advanced,False
83356,5965,7015,Intermediate,False
83357,5965,7007,Intermediate,False
83358,5966,7030,Expert,True
83359,5966,7010,Intermediate,False
83360,5966,7012,Intermediate,False
83361,5966,7029,Intermediate,False
83362,5967,7021,Intermediate,True
83363,5967,7029,Intermediate,False
83364,5967,7028,Intermediate,False
83365,5968,7006,Expert,True
83366,5968,7001,Intermediate,False
83367,5968,7010,Beginner,False
83368,5968,7004,Advanced,False
83369,5969,7006,Advanced,True
83370,5969,7022,Intermediate,False
83371,5969,7028,Intermediate,False
83372,5970,7007,Expert,True
83373,5970,7010,Intermediate,False
83374,5970,7011,Intermediate,False
83375,5971,7020,Advanced,True
83376,5971,7008,Advanced,False
83377,5971,7019,Intermediate,False
83378,5972,7006,Expert,True
83379,5972,7002,Advanced,False
83380,5972,7027,Intermediate,False
83381,5973,7030,Advanced,True
83382,5973,7025,Intermediate,False
83383,5973,7011,Beginner,False
83384,5973,7009,Beginner,False
83385,5974,7031,Expert,True
83386,5974,7026,Intermediate,False
83387,5974,7024,Intermediate,False
83388,5975,7030,Advanced,True
83389,5975,7019,Advanced,False
83390,5975,7010,Beginner,False
83391,5975,7029,Intermediate,False
83392,5975,7014,Intermediate,False
83393,5976,7006,Advanced,True
83394,5976,7019,Intermediate,False
83395,5976,7016,Advanced,False
83396,5976,7024,Beginner,False
83397,5976,7021,Intermediate,False
83398,5977,7006,Advanced,True
83399,5977,7024,Advanced,False
83400,5977,7029,Intermediate,False
83401,5977,7013,Advanced,False
83402,5978,7020,Beginner,True
83403,5978,7025,Advanced,False
83404,5978,7031,Beginner,False
83405,5978,7006,Advanced,False
83406,5979,7030,Expert,True
83407,5979,7002,Intermediate,False
83408,5979,7023,Advanced,False
83409,5979,7021,Intermediate,False
83410,5979,7005,Advanced,False
83411,5980,7030,Advanced,True
83412,5980,7005,Advanced,False
83413,5980,7020,Beginner,False
83414,5980,7025,Intermediate,False
83415,5981,7031,Advanced,True
83416,5981,7001,Expert,False
83417,5981,7015,Intermediate,False
83418,5981,7018,Advanced,False
83419,5982,7021,Intermediate,True
83420,5982,7020,Beginner,False
83421,5982,7029,Advanced,False
83422,5982,7012,Intermediate,False
83423,5983,7030,Advanced,True
83424,5983,7016,Intermediate,False
83425,5983,7022,Intermediate,False
83426,5983,7026,Intermediate,False
83427,5984,7006,Advanced,True
83428,5984,7019,Intermediate,False
83429,5984,7016,Beginner,False
83430,5985,7030,Advanced,True
83431,5985,7017,Advanced,False
83432,5985,7005,Beginner,False
83433,5986,7020,Advanced,True
83434,5986,7002,Advanced,False
83435,5986,7018,Beginner,False
83436,5986,7008,Intermediate,False
83437,5986,7005,Advanced,False
83438,5987,7006,Advanced,True
83439,5987,7011,Intermediate,False
83440,5987,7001,Expert,False
83441,5987,7009,Advanced,False
83442,5987,7027,Beginner,False
83443,5988,7030,Advanced,True
83444,5988,7018,Intermediate,False
83445,5988,7003,Expert,False
83446,5989,7030,Advanced,True
83447,5989,7024,Beginner,False
83448,5989,7019,Intermediate,False
83449,5990,7006,Beginner,True
83450,5990,7017,Intermediate,False
83451,5990,7030,Advanced,False
83452,5990,7023,Intermediate,False
83453,5990,7016,Beginner,False
83454,5991,7031,Advanced,True
83455,5991,7008,Expert,False
83456,5991,7009,Intermediate,False
83457,5991,7025,Advanced,False
83458,5992,7006,Intermediate,True
83459,5992,7004,Intermediate,False
83460,5992,7015,Beginner,False
83461,5993,7030,Advanced,True
83462,5993,7025,Intermediate,False
83463,5993,7019,Beginner,False
83464,5993,7029,Advanced,False
83465,5994,7007,Intermediate,True
83466,5994,7031,Beginner,False
83467,5995,7031,Intermediate,True
83468,5995,7007,Advanced,False
83469,5995,7027,Advanced,False
83470,5996,7030,Expert,True
83471,5996,7007,Expert,False
83472,5996,7021,Intermediate,False
83473,5996,7016,Intermediate,False
83474,5996,7018,Intermediate,False
83475,5997,7031,Intermediate,True
83476,5997,7021,Advanced,False
83477,5998,7006,Beginner,True
83478,5998,7007,Advanced,False
83479,5999,7006,Advanced,True
83480,5999,7007,Intermediate,False
83481,6000,7006,Advanced,True
83482,6000,7022,Intermediate,False
83483,6000,7013,Advanced,False
83484,6000,7017,Intermediate,False
